use configs;
delete from tds_applicationsettings;
delete from system_applicationsettings;
delete from client_systemflags;

insert into tds_applicationsettings values (UNHEX(REPLACE('60D2EB28-5EDD-44E1-AB11-35FE9FB2BFC9','-','')),'Deployment','ResponseEntry','http.cache.id','string',0,NULL);
insert into tds_applicationsettings values (UNHEX(REPLACE('F92B6919-0E4E-4FB7-B6AD-E28BE232F4CA','-','')),'Deployment','ResponseEntry','http.cache.id','string',1,NULL);
insert into tds_applicationsettings values (UNHEX(REPLACE('623E266A-39C3-4AE3-B93F-506D81EE50AC','-','')),'Deployment','ResponseEntry','http.cache.prefetch','string',0,NULL);
insert into tds_applicationsettings values (UNHEX(REPLACE('14C2FAD1-97E2-4834-94AD-1C36B0FF3F66','-','')),'Deployment','ResponseEntry','http.cache.prefetch','string',1,NULL);
insert into tds_applicationsettings values (UNHEX(REPLACE('FF9939BE-52AE-4630-BBA6-BA753ECB83B8','-','')),'Deployment','ResponseEntry','http.manifest.mode','string',0,NULL);
insert into tds_applicationsettings values (UNHEX(REPLACE('789B162F-A8F6-4497-8D77-1728AEAABB29','-','')),'Deployment','ResponseEntry','http.manifest.mode','string',1,NULL);
insert into tds_applicationsettings values (UNHEX(REPLACE('DD266AF2-7879-43F9-8100-7464813E8364','-','')),'Deployment','ResponseEntry','ItemScoring.CallbackUrl','string',0,NULL);
insert into tds_applicationsettings values (UNHEX(REPLACE('8019991C-9C9E-4ED7-AE5E-130A3FC3F3C4','-','')),'Deployment','ResponseEntry','ItemScoring.CallbackUrl','string',1,NULL);
insert into tds_applicationsettings values (UNHEX(REPLACE('1086BE27-E7FE-43B3-B521-6971D35B04A5','-','')),'Deployment','ResponseEntry','ItemScoring.Enabled','boolean',0,NULL);
insert into tds_applicationsettings values (UNHEX(REPLACE('DA4A1327-628D-4D66-A342-22DD8266D66C','-','')),'Deployment','ResponseEntry','ItemScoring.Enabled','boolean',1,NULL);
insert into tds_applicationsettings values (UNHEX(REPLACE('F9A585A0-031E-4017-BB88-1CDD9C3BCDD0','-','')),'Deployment','ResponseEntry','ItemScoring.ServerUrl','string',0,NULL);
insert into tds_applicationsettings values (UNHEX(REPLACE('CEAA8F0C-A67B-48F8-BAC9-6965BF09AE21','-','')),'Deployment','ResponseEntry','ItemScoring.ServerUrl','string',1,NULL);
insert into tds_applicationsettings values (UNHEX(REPLACE('74C15D0E-9F63-4524-A46F-815EB93C7C34','-','')),'Deployment','ResponseEntry','ItemScoring.Timer.Enabled','boolean',0,NULL);
insert into tds_applicationsettings values (UNHEX(REPLACE('660B3EAF-993B-4289-A2C9-28AB72B7B2CA','-','')),'Deployment','ResponseEntry','ItemScoring.Timer.Enabled','boolean',1,NULL);
insert into tds_applicationsettings values (UNHEX(REPLACE('C8F13867-E3A8-443E-B3EE-E5C7E42E9E9D','-','')),'Deployment','ResponseEntry','itemScoring.timer.intervalSecs','integer',1,NULL);
insert into tds_applicationsettings values (UNHEX(REPLACE('4328C6B7-37E9-4304-990E-C4D650741DB1','-','')),'Deployment','ResponseEntry','itemScoring.timer.maxAttempts','integer',1,NULL);
insert into tds_applicationsettings values (UNHEX(REPLACE('A1D487C2-4678-406D-85AF-9EF88AC37538','-','')),'Deployment','ResponseEntry','tds.itemRenderer.enableMathML','boolean',0,NULL);
insert into tds_applicationsettings values (UNHEX(REPLACE('25A7011B-BEE9-48E7-9EEB-7E560C1434CC','-','')),'Deployment','ResponseEntry','tds.itemRenderer.enableMathML','boolean',1,NULL);
insert into tds_applicationsettings values (UNHEX(REPLACE('EB57F3A2-BD13-41EA-A4C1-B6130CA21F01','-','')),'Deployment','ResponseEntry','tds.itemRenderer.supportHttpRanges','boolean',0,NULL);
insert into tds_applicationsettings values (UNHEX(REPLACE('D86A70FA-BEA7-4F3D-8588-C0D44BC596FA','-','')),'Deployment','ResponseEntry','tds.itemRenderer.supportHttpRanges','boolean',1,NULL);
insert into tds_applicationsettings values (UNHEX(REPLACE('908124B6-86BF-4011-8954-1F9EEFB0C0C8','-','')),'Deployment','ResponseEntry','tds.itemRenderer.urlResolverVersion','integer',0,NULL);
insert into tds_applicationsettings values (UNHEX(REPLACE('205D8904-6ACE-47EC-9AE2-DB5FD019307B','-','')),'Deployment','ResponseEntry','tds.itemRenderer.urlResolverVersion','integer',1,NULL);
insert into tds_applicationsettings values (UNHEX(REPLACE('7D60FF1D-3A61-4974-8E6C-4E8A16DB5252','-','')),'Deployment','ScoreEntry','http.cache.id','string',0,NULL);
insert into tds_applicationsettings values (UNHEX(REPLACE('5C5B2CAC-E05B-4B9F-855D-E2C1F5FE6394','-','')),'Deployment','ScoreEntry','http.cache.id','string',1,NULL);
insert into tds_applicationsettings values (UNHEX(REPLACE('0DD4EB82-143A-4948-AE90-375A325249FB','-','')),'Deployment','ScoreEntry','http.cache.prefetch','string',0,NULL);
insert into tds_applicationsettings values (UNHEX(REPLACE('5E580307-6997-4C4A-B22D-02D9CEE01691','-','')),'Deployment','ScoreEntry','http.cache.prefetch','string',1,NULL);
insert into tds_applicationsettings values (UNHEX(REPLACE('D272C5DE-30FF-40D3-A353-00A2D3B4373B','-','')),'Deployment','ScoreEntry','http.manifest.mode','string',0,NULL);
insert into tds_applicationsettings values (UNHEX(REPLACE('6BF60659-2D77-4331-892C-C6AF8EA717E3','-','')),'Deployment','ScoreEntry','http.manifest.mode','string',1,NULL);
insert into tds_applicationsettings values (UNHEX(REPLACE('148D0573-5489-463B-BE85-F4687DF4E662','-','')),'Deployment','ScoreEntry','ItemScoring.CallbackUrl','string',0,NULL);
insert into tds_applicationsettings values (UNHEX(REPLACE('2712D8BE-5F7D-4607-B67A-C988FF9E1366','-','')),'Deployment','ScoreEntry','ItemScoring.CallbackUrl','string',1,NULL);
insert into tds_applicationsettings values (UNHEX(REPLACE('045F0482-A344-4C3E-BADA-387CA6FAB255','-','')),'Deployment','ScoreEntry','ItemScoring.Enabled','boolean',0,NULL);
insert into tds_applicationsettings values (UNHEX(REPLACE('CCAE8948-A08A-4A6F-914B-3A71E86B9B81','-','')),'Deployment','ScoreEntry','ItemScoring.Enabled','boolean',1,NULL);
insert into tds_applicationsettings values (UNHEX(REPLACE('AA6EB979-EC09-4BDE-90DA-F4728D363F83','-','')),'Deployment','ScoreEntry','ItemScoring.ServerUrl','string',0,NULL);
insert into tds_applicationsettings values (UNHEX(REPLACE('8927EB89-82C5-4BCC-9B7B-71190A11A144','-','')),'Deployment','ScoreEntry','ItemScoring.ServerUrl','string',1,NULL);
insert into tds_applicationsettings values (UNHEX(REPLACE('532478BC-9C47-484E-BD46-0072501E8D8B','-','')),'Deployment','ScoreEntry','ItemScoring.Timer.Enabled','boolean',0,NULL);
insert into tds_applicationsettings values (UNHEX(REPLACE('BCD741F4-5E67-40D6-83B0-D71EAF3FD549','-','')),'Deployment','ScoreEntry','ItemScoring.Timer.Enabled','boolean',1,NULL);
insert into tds_applicationsettings values (UNHEX(REPLACE('EDF37593-16DF-4641-91B1-81985C4C604B','-','')),'Deployment','ScoreEntry','itemScoring.timer.intervalSecs','integer',1,NULL);
insert into tds_applicationsettings values (UNHEX(REPLACE('E4D3BFB6-9F53-4145-8D75-FE50CC34AA78','-','')),'Deployment','ScoreEntry','itemScoring.timer.maxAttempts','integer',1,NULL);
insert into tds_applicationsettings values (UNHEX(REPLACE('0A8302ED-0C50-4A4F-B65D-F7C2E78DC432','-','')),'Deployment','ScoreEntry','tds.itemRenderer.enableMathML','boolean',0,NULL);
insert into tds_applicationsettings values (UNHEX(REPLACE('41EF0847-79D4-444E-B0F9-401B10A6EE95','-','')),'Deployment','ScoreEntry','tds.itemRenderer.enableMathML','boolean',1,NULL);
insert into tds_applicationsettings values (UNHEX(REPLACE('2951543E-3E86-42BD-9C3E-6B9269A76F84','-','')),'Deployment','ScoreEntry','tds.itemRenderer.supportHttpRanges','boolean',0,NULL);
insert into tds_applicationsettings values (UNHEX(REPLACE('34DB99BD-A74D-48D8-B267-858859C82BE2','-','')),'Deployment','ScoreEntry','tds.itemRenderer.supportHttpRanges','boolean',1,NULL);
insert into tds_applicationsettings values (UNHEX(REPLACE('4FEF2E24-1813-4F7C-81DE-9A5FD10748BA','-','')),'Deployment','ScoreEntry','tds.itemRenderer.urlResolverVersion','integer',0,NULL);
insert into tds_applicationsettings values (UNHEX(REPLACE('2CE5962C-87A3-4586-831C-5207631EEC55','-','')),'Deployment','ScoreEntry','tds.itemRenderer.urlResolverVersion','integer',1,NULL);
insert into tds_applicationsettings values (UNHEX(REPLACE('04F60DF4-9856-4282-9D77-91E3B189A1A8','-','')),'Deployment','Student','clientside.sb.assistxRequired','boolean',0,NULL);
insert into tds_applicationsettings values (UNHEX(REPLACE('C70D3360-06BE-4CB1-8E52-3D98EB570C66','-','')),'Deployment','Student','clientside.sb.assistxRequired','boolean',1,NULL);
insert into tds_applicationsettings values (UNHEX(REPLACE('7370EC15-5550-4C8F-92B4-18E7BDCC3270','-','')),'Deployment','Student','clientside.sb.assistxWhitelist','string',0,NULL);
insert into tds_applicationsettings values (UNHEX(REPLACE('00E1C351-FD75-4E35-9462-14D84016B91D','-','')),'Deployment','Student','clientside.sb.assistxWhitelist','string',1,NULL);
insert into tds_applicationsettings values (UNHEX(REPLACE('CEE774B3-5591-48C3-BF2F-93A8A329E6C4','-','')),'Deployment','Student','clientside.sb.iosAutonomousGuidedAccessAllowed','boolean',0,NULL);
insert into tds_applicationsettings values (UNHEX(REPLACE('7F4401B2-5393-48B3-827B-AC66150ADE2B','-','')),'Deployment','Student','clientside.sb.iosAutonomousGuidedAccessAllowed','boolean',1,NULL);
insert into tds_applicationsettings values (UNHEX(REPLACE('109E1F80-528A-468E-8820-BA2F92E897AC','-','')),'Deployment','Student','clientside.sb.validatorExemptions','vmware',0,NULL);
insert into tds_applicationsettings values (UNHEX(REPLACE('4DC9A050-703F-4FB4-9581-97C11FF20410','-','')),'Deployment','Student','clientside.sb.validatorExemptions','vmware',1,NULL);
insert into tds_applicationsettings values (UNHEX(REPLACE('DF096DD8-B850-483C-A3B2-D5CD55F116BA','-','')),'Deployment','Student','http.cache.id','string',0,NULL);
insert into tds_applicationsettings values (UNHEX(REPLACE('78D0D2D2-B646-4005-B600-73E888CF8A85','-','')),'Deployment','Student','http.cache.id','string',1,NULL);
insert into tds_applicationsettings values (UNHEX(REPLACE('00A63967-AFD3-4B50-8B33-53B97E90C291','-','')),'Deployment','Student','http.cache.prefetch','string',0,NULL);
insert into tds_applicationsettings values (UNHEX(REPLACE('31CA33FC-4005-4864-A742-52B478316318','-','')),'Deployment','Student','http.cache.prefetch','string',1,NULL);
insert into tds_applicationsettings values (UNHEX(REPLACE('6636C33D-3682-4274-94F3-ED7FD4BD8694','-','')),'Deployment','Student','http.manifest.mode','string',0,NULL);
insert into tds_applicationsettings values (UNHEX(REPLACE('2A857B5F-D2D8-4FD9-89DE-00C52640BF8C','-','')),'Deployment','Student','http.manifest.mode','string',1,NULL);
insert into tds_applicationsettings values (UNHEX(REPLACE('144F0AC4-5E65-481A-9854-72B75322C196','-','')),'Deployment','Student','ItemScoring.CallbackUrl','string',0,NULL);
insert into tds_applicationsettings values (UNHEX(REPLACE('7087C5E5-F5FE-4836-BF98-6CAF1ABF50FD','-','')),'Deployment','Student','ItemScoring.CallbackUrl','string',1,NULL);
insert into tds_applicationsettings values (UNHEX(REPLACE('38DE856B-2B1E-45BF-A2D8-B07DA4678661','-','')),'Deployment','Student','ItemScoring.Enabled','boolean',0,NULL);
insert into tds_applicationsettings values (UNHEX(REPLACE('CA0CAD12-F4E6-4A89-A6BF-65ED8A41BB67','-','')),'Deployment','Student','ItemScoring.Enabled','boolean',1,NULL);
insert into tds_applicationsettings values (UNHEX(REPLACE('D181DD8C-D072-4B47-B3A9-EFA749103BD4','-','')),'Deployment','Student','ItemScoring.ServerUrl','string',0,NULL);
insert into tds_applicationsettings values (UNHEX(REPLACE('83C8B974-EDCA-4541-BF47-002B0875FAAE','-','')),'Deployment','Student','ItemScoring.ServerUrl','string',1,NULL);
insert into tds_applicationsettings values (UNHEX(REPLACE('0702C1D5-23D8-4579-954A-8F809A36A9E6','-','')),'Deployment','Student','ItemScoring.Timer.Enabled','boolean',0,NULL);
insert into tds_applicationsettings values (UNHEX(REPLACE('B8F2A9E1-26AC-4B68-AFB3-633A3CF9945C','-','')),'Deployment','Student','ItemScoring.Timer.Enabled','boolean',1,NULL);
insert into tds_applicationsettings values (UNHEX(REPLACE('A11A26B0-FEF6-455A-8C3B-7A87685653CE','-','')),'Deployment','Student','itemScoring.timer.intervalSecs','integer',0,NULL);
insert into tds_applicationsettings values (UNHEX(REPLACE('72A0E5D4-09C5-4D6C-8264-699B60154060','-','')),'Deployment','Student','itemScoring.timer.intervalSecs','integer',1,NULL);
insert into tds_applicationsettings values (UNHEX(REPLACE('40AA4484-2DB0-4755-B6F8-215B7989EB11','-','')),'Deployment','Student','itemScoring.timer.maxAttempts','integer',1,NULL);
insert into tds_applicationsettings values (UNHEX(REPLACE('9F5884E1-5269-4082-9700-C6B86774D206','-','')),'Deployment','Student','itemScoring.timer.pendingMins','integer',0,NULL);
insert into tds_applicationsettings values (UNHEX(REPLACE('94A7023C-7A05-4A4F-99D1-E9F89E8FCF6D','-','')),'Deployment','Student','itemScoring.timer.pendingMins','integer',1,NULL);
insert into tds_applicationsettings values (UNHEX(REPLACE('D7AC30AD-9CAC-4673-BD19-B30F861A0F57','-','')),'Deployment','Student','tds.itemRenderer.enableMathML','boolean',0,NULL);
insert into tds_applicationsettings values (UNHEX(REPLACE('C228360E-A18B-463E-ACA0-2BE1C5705F01','-','')),'Deployment','Student','tds.itemRenderer.enableMathML','boolean',1,NULL);
insert into tds_applicationsettings values (UNHEX(REPLACE('20FCBFA6-83DF-42F7-AF35-093C4D1A16E0','-','')),'Deployment','Student','tds.itemRenderer.supportHttpRanges','boolean',0,NULL);
insert into tds_applicationsettings values (UNHEX(REPLACE('57AE8840-6A65-4E84-9369-BB2A5E8F0506','-','')),'Deployment','Student','tds.itemRenderer.supportHttpRanges','boolean',1,NULL);
insert into tds_applicationsettings values (UNHEX(REPLACE('D3B7BD7A-CFF2-4022-834E-A47CEBD1E668','-','')),'Deployment','Student','tds.itemRenderer.urlResolverVersion','integer',0,NULL);
insert into tds_applicationsettings values (UNHEX(REPLACE('3920B8BD-28AC-40D7-ABFE-4BC4212E333D','-','')),'Deployment','Student','tds.itemRenderer.urlResolverVersion','integer',1,NULL);
insert into tds_applicationsettings values (UNHEX(REPLACE('8963FAB2-C674-4B88-849A-BF61E6CE6CE8','-','')),'Deployment','Student','tds.testshell.audioTimeout','integer',0,NULL);
insert into tds_applicationsettings values (UNHEX(REPLACE('9AEF4FE2-FE48-4609-9CF4-27D8AB058F00','-','')),'Deployment','Student','tds.testshell.audioTimeout','integer',1,NULL);
insert into tds_applicationsettings values (UNHEX(REPLACE('82A06CF7-9521-44DA-B2F3-8B750B9AE581','-','')),'Development','Proctor','login.openAM.portalUrl','string',0,NULL);
insert into tds_applicationsettings values (UNHEX(REPLACE('17B042B0-C078-4FB7-9A5C-3632D85BB2C3','-','')),'Development','Proctor','login.openAM.portalUrl','string',1,NULL);
insert into tds_applicationsettings values (UNHEX(REPLACE('16C21728-B22C-4B33-848C-3C19955FBFCB','-','')),'Development','Proctor','selectAllTests.Enabled','boolean',0,NULL);
insert into tds_applicationsettings values (UNHEX(REPLACE('69DD7FE7-8E8A-453D-B198-73AE196CDEFF','-','')),'Development','Proctor','selectAllTests.Enabled','boolean',1,NULL);
insert into tds_applicationsettings values (UNHEX(REPLACE('10AB0A7D-72B0-4A31-B201-C999E50048F4','-','')),'Development','ResponseEntry','http.cache.id','string',0,NULL);
insert into tds_applicationsettings values (UNHEX(REPLACE('9C7820D0-EE05-451F-BDE4-4D5A25D805F6','-','')),'Development','ResponseEntry','http.cache.id','string',1,NULL);
insert into tds_applicationsettings values (UNHEX(REPLACE('BB7AD960-E9CA-4EA9-879E-7DC17AE09575','-','')),'Development','ResponseEntry','http.cache.prefetch','string',0,NULL);
insert into tds_applicationsettings values (UNHEX(REPLACE('0DFA71D2-D383-4963-88DC-8D6BFB468C2A','-','')),'Development','ResponseEntry','http.cache.prefetch','string',1,NULL);
insert into tds_applicationsettings values (UNHEX(REPLACE('D83F6132-9938-450D-8A1B-7F803BC79073','-','')),'Development','ResponseEntry','http.manifest.mode','string',0,NULL);
insert into tds_applicationsettings values (UNHEX(REPLACE('E604B786-8A45-4DCA-951E-95DC42236630','-','')),'Development','ResponseEntry','http.manifest.mode','string',1,NULL);
insert into tds_applicationsettings values (UNHEX(REPLACE('595B3A4B-517F-47BE-BB32-2506C8EBD781','-','')),'Development','ResponseEntry','ItemScoring.CallbackUrl','string',0,NULL);
insert into tds_applicationsettings values (UNHEX(REPLACE('BF7BF8F0-D32F-4816-B398-F6E677333F55','-','')),'Development','ResponseEntry','ItemScoring.CallbackUrl','string',1,NULL);
insert into tds_applicationsettings values (UNHEX(REPLACE('4D982812-34AF-4032-A41A-40E428139B12','-','')),'Development','ResponseEntry','ItemScoring.Enabled','boolean',0,NULL);
insert into tds_applicationsettings values (UNHEX(REPLACE('B84BE85B-2819-46E9-8D04-FE5F785FA68F','-','')),'Development','ResponseEntry','ItemScoring.Enabled','boolean',1,NULL);
insert into tds_applicationsettings values (UNHEX(REPLACE('37E9D71C-5924-4231-A4E1-73EB3AEC9B89','-','')),'Development','ResponseEntry','ItemScoring.ServerUrl','string',0,NULL);
insert into tds_applicationsettings values (UNHEX(REPLACE('A02D805F-E175-49BE-81E5-6F2E06F57814','-','')),'Development','ResponseEntry','ItemScoring.ServerUrl','string',1,NULL);
insert into tds_applicationsettings values (UNHEX(REPLACE('05275115-92A6-4EA0-B9C3-D511559CE920','-','')),'Development','ResponseEntry','ItemScoring.Timer.Enabled','boolean',0,NULL);
insert into tds_applicationsettings values (UNHEX(REPLACE('796DB980-6091-4646-83ED-4B8FB7D6ED16','-','')),'Development','ResponseEntry','ItemScoring.Timer.Enabled','boolean',1,NULL);
insert into tds_applicationsettings values (UNHEX(REPLACE('66C4F248-A7DE-4FCC-8AD6-13904628F4E0','-','')),'Development','ResponseEntry','itemScoring.timer.intervalSecs','integer',1,NULL);
insert into tds_applicationsettings values (UNHEX(REPLACE('97DE7ECC-0139-4314-B582-AB1950F849B7','-','')),'Development','ResponseEntry','itemScoring.timer.maxAttempts','integer',1,NULL);
insert into tds_applicationsettings values (UNHEX(REPLACE('19593B12-CA2B-41E1-A3BE-214BC7285E7A','-','')),'Development','ResponseEntry','login.openAM.portalUrl','string',0,NULL);
insert into tds_applicationsettings values (UNHEX(REPLACE('5687F25C-F39F-4FB1-9E1D-95601AFC617E','-','')),'Development','ResponseEntry','login.openAM.portalUrl','string',1,NULL);
insert into tds_applicationsettings values (UNHEX(REPLACE('9B23116C-BBA7-459F-ABC5-AED60CD18569','-','')),'Development','ResponseEntry','tds.itemRenderer.enableMathML','boolean',0,NULL);
insert into tds_applicationsettings values (UNHEX(REPLACE('7A010296-F976-4E2B-9A8D-178BB4F48649','-','')),'Development','ResponseEntry','tds.itemRenderer.enableMathML','boolean',1,NULL);
insert into tds_applicationsettings values (UNHEX(REPLACE('CF2E3937-5E8E-4B0D-843E-3E71AC55A56E','-','')),'Development','ResponseEntry','tds.itemRenderer.supportHttpRanges','boolean',0,NULL);
insert into tds_applicationsettings values (UNHEX(REPLACE('BBC240B3-2199-4F2D-A916-940360341E22','-','')),'Development','ResponseEntry','tds.itemRenderer.supportHttpRanges','boolean',1,NULL);
insert into tds_applicationsettings values (UNHEX(REPLACE('80EF28A4-8593-4AA5-BC02-44FA85FCB7BE','-','')),'Development','ResponseEntry','tds.itemRenderer.urlResolverVersion','integer',0,NULL);
insert into tds_applicationsettings values (UNHEX(REPLACE('73C0EC41-AFDB-4951-BD3C-D2D37AC6B994','-','')),'Development','ResponseEntry','tds.itemRenderer.urlResolverVersion','integer',1,NULL);
insert into tds_applicationsettings values (UNHEX(REPLACE('12ECEA5E-F61B-4B53-A0C1-FB342E3A048E','-','')),'Development','ScoreEntry','http.cache.id','string',0,NULL);
insert into tds_applicationsettings values (UNHEX(REPLACE('38746956-FFBF-4D10-9805-AA65C61621C5','-','')),'Development','ScoreEntry','http.cache.id','string',1,NULL);
insert into tds_applicationsettings values (UNHEX(REPLACE('97F3258C-21FA-4F8C-A916-A1AA493AD003','-','')),'Development','ScoreEntry','http.cache.prefetch','string',0,NULL);
insert into tds_applicationsettings values (UNHEX(REPLACE('8012F550-B7AA-460B-8568-BC2AF2B0994F','-','')),'Development','ScoreEntry','http.cache.prefetch','string',1,NULL);
insert into tds_applicationsettings values (UNHEX(REPLACE('DCB18D25-469F-48EB-B40B-12E7610B1A45','-','')),'Development','ScoreEntry','http.manifest.mode','string',0,NULL);
insert into tds_applicationsettings values (UNHEX(REPLACE('8113C250-570D-4121-BBF3-E3C29AA17870','-','')),'Development','ScoreEntry','http.manifest.mode','string',1,NULL);
insert into tds_applicationsettings values (UNHEX(REPLACE('FEE7CCF8-EEE7-444B-8D99-B8D16298B224','-','')),'Development','ScoreEntry','ItemScoring.CallbackUrl','string',0,NULL);
insert into tds_applicationsettings values (UNHEX(REPLACE('60423AF9-E362-44A3-B6BC-D104E0081F76','-','')),'Development','ScoreEntry','ItemScoring.CallbackUrl','string',1,NULL);
insert into tds_applicationsettings values (UNHEX(REPLACE('27D18876-4754-40E0-A7F4-182A3CDF8AF0','-','')),'Development','ScoreEntry','ItemScoring.Enabled','boolean',0,NULL);
insert into tds_applicationsettings values (UNHEX(REPLACE('605CBCE3-079B-48E2-93B0-B28F9C85A099','-','')),'Development','ScoreEntry','ItemScoring.Enabled','boolean',1,NULL);
insert into tds_applicationsettings values (UNHEX(REPLACE('869A0583-353F-4D03-A1BF-B40B97DC0A8A','-','')),'Development','ScoreEntry','ItemScoring.ServerUrl','string',0,NULL);
insert into tds_applicationsettings values (UNHEX(REPLACE('73FAB726-88CA-4CDC-9DAA-15163F7F85A7','-','')),'Development','ScoreEntry','ItemScoring.ServerUrl','string',1,NULL);
insert into tds_applicationsettings values (UNHEX(REPLACE('F3761B83-3020-49D4-8D86-917DC5CE451F','-','')),'Development','ScoreEntry','ItemScoring.Timer.Enabled','boolean',0,NULL);
insert into tds_applicationsettings values (UNHEX(REPLACE('DA5E5194-B9BC-42C1-B747-F29D66C9A53A','-','')),'Development','ScoreEntry','ItemScoring.Timer.Enabled','boolean',1,NULL);
insert into tds_applicationsettings values (UNHEX(REPLACE('6356BF8D-0252-4E93-A364-1BE6856B4028','-','')),'Development','ScoreEntry','itemScoring.timer.intervalSecs','integer',1,NULL);
insert into tds_applicationsettings values (UNHEX(REPLACE('C958C025-B649-4A9B-BB06-44CBDABF817C','-','')),'Development','ScoreEntry','itemScoring.timer.maxAttempts','integer',1,NULL);
insert into tds_applicationsettings values (UNHEX(REPLACE('941EEDDF-C308-4AFC-A5C9-B16707AA6C28','-','')),'Development','ScoreEntry','login.authType','string',1,NULL);
insert into tds_applicationsettings values (UNHEX(REPLACE('848968A0-4FB3-460A-B75D-B6D29C83FF9B','-','')),'Development','ScoreEntry','login.openAM.logoutUrl','string',1,NULL);
insert into tds_applicationsettings values (UNHEX(REPLACE('BF97E080-50F5-4072-AF4F-E7AE8804AA45','-','')),'Development','ScoreEntry','login.openAM.portalUrl','string',0,NULL);
insert into tds_applicationsettings values (UNHEX(REPLACE('C0C31B0C-B779-4B67-B0D3-8846C20F3E1E','-','')),'Development','ScoreEntry','login.openAM.portalUrl','string',1,NULL);
insert into tds_applicationsettings values (UNHEX(REPLACE('94E470FF-9F81-4792-B932-94A3376AF30E','-','')),'Development','ScoreEntry','login.openAM.TenancyChain','string',1,NULL);
insert into tds_applicationsettings values (UNHEX(REPLACE('11A065C3-C1A7-4131-993B-74C61881B58B','-','')),'Development','ScoreEntry','login.openAM.UUID','string',1,NULL);
insert into tds_applicationsettings values (UNHEX(REPLACE('36DED110-C0B5-4BFE-BA56-7F596F2770CE','-','')),'Development','ScoreEntry','login.queryString.AuthParam','string',1,NULL);
insert into tds_applicationsettings values (UNHEX(REPLACE('6F4A5FB0-4E14-425F-8ECF-365A5DE357D6','-','')),'Development','ScoreEntry','login.queryString.Key','string',1,NULL);
insert into tds_applicationsettings values (UNHEX(REPLACE('56C9350C-4EEC-473D-8521-8004F935FEAA','-','')),'Development','ScoreEntry','login.queryString.portalUrl','string',1,NULL);
insert into tds_applicationsettings values (UNHEX(REPLACE('02B75E1E-0043-453B-BCF0-4A8EEF0674DD','-','')),'Development','ScoreEntry','login.rts.hashAlgorithm','string',1,NULL);
insert into tds_applicationsettings values (UNHEX(REPLACE('BFC2481D-0024-4AEB-B9D2-7D2761EB595B','-','')),'Development','ScoreEntry','tds.itemRenderer.enableMathML','boolean',0,NULL);
insert into tds_applicationsettings values (UNHEX(REPLACE('1E0F08DA-71FD-4A26-A221-CA91AA89CE3B','-','')),'Development','ScoreEntry','tds.itemRenderer.enableMathML','boolean',1,NULL);
insert into tds_applicationsettings values (UNHEX(REPLACE('54ACFD3C-B6A3-45C9-9AC0-EF170CA6D88E','-','')),'Development','ScoreEntry','tds.itemRenderer.supportHttpRanges','boolean',0,NULL);
insert into tds_applicationsettings values (UNHEX(REPLACE('AD01442E-DC09-421F-803E-871307BA6FE5','-','')),'Development','ScoreEntry','tds.itemRenderer.supportHttpRanges','boolean',1,NULL);
insert into tds_applicationsettings values (UNHEX(REPLACE('F0A29F92-195B-475D-8E6B-68CDFFE74619','-','')),'Development','ScoreEntry','tds.itemRenderer.urlResolverVersion','integer',0,NULL);
insert into tds_applicationsettings values (UNHEX(REPLACE('8135215A-1AE9-4F87-B70E-A0123F30F871','-','')),'Development','ScoreEntry','tds.itemRenderer.urlResolverVersion','integer',1,NULL);
insert into tds_applicationsettings values (UNHEX(REPLACE('9ED236F1-F877-41DA-B16A-00106514B53A','-','')),'Development','Student','clientside.editor.contentDeletedCharThreshold','integer',0,NULL);
insert into tds_applicationsettings values (UNHEX(REPLACE('8542E3F7-C920-457A-95E2-B597AD6B0866','-','')),'Development','Student','clientside.editor.contentDeletedCharThreshold','integer',1,NULL);
insert into tds_applicationsettings values (UNHEX(REPLACE('8C6B7899-CBC6-4F8B-A85C-A0A2232D7B67','-','')),'Development','Student','clientside.editor.contentDeletedLogging','string',0,NULL);
insert into tds_applicationsettings values (UNHEX(REPLACE('F170F161-E26D-4D54-B9FB-E6C08B39E07D','-','')),'Development','Student','clientside.editor.contentDeletedLogging','string',1,NULL);
insert into tds_applicationsettings values (UNHEX(REPLACE('49F7FC7F-946B-4F35-A749-FEB31D7BE3B4','-','')),'Development','Student','clientside.editor.contentDeletedPctThreshold','integer',0,NULL);
insert into tds_applicationsettings values (UNHEX(REPLACE('7601CA4D-D4BC-4323-B1FF-4D7AF8DEB9A4','-','')),'Development','Student','clientside.editor.contentDeletedPctThreshold','integer',1,NULL);
insert into tds_applicationsettings values (UNHEX(REPLACE('F328913D-9D21-4CD6-928F-091BC9D248EF','-','')),'Development','Student','clientside.sb.assistxRequired','boolean',0,NULL);
insert into tds_applicationsettings values (UNHEX(REPLACE('4EC9728E-5B0B-4DAE-8F3D-CFDF18E88DD2','-','')),'Development','Student','clientside.sb.assistxRequired','boolean',1,NULL);
insert into tds_applicationsettings values (UNHEX(REPLACE('A79EB112-54D7-462B-99A9-1904ACB96A1A','-','')),'Development','Student','clientside.sb.assistxWhitelist','string',0,NULL);
insert into tds_applicationsettings values (UNHEX(REPLACE('E2728D6C-F540-42C3-96CD-A457DFED5473','-','')),'Development','Student','clientside.sb.assistxWhitelist','string',1,NULL);
insert into tds_applicationsettings values (UNHEX(REPLACE('DFA6EFE0-E8D2-4CDB-A390-E21A381F4543','-','')),'Development','Student','clientside.sb.iosAutonomousGuidedAccessAllowed','boolean',0,NULL);
insert into tds_applicationsettings values (UNHEX(REPLACE('A1669795-911D-4432-9768-CBC67C971BC1','-','')),'Development','Student','clientside.sb.iosAutonomousGuidedAccessAllowed','boolean',1,NULL);
insert into tds_applicationsettings values (UNHEX(REPLACE('B31E5658-7138-4E6A-9005-2A143F525CB6','-','')),'Development','Student','clientside.sb.validatorExemptions','vmware',0,NULL);
insert into tds_applicationsettings values (UNHEX(REPLACE('8D112337-78DE-4AF2-B73B-A1CBB5D87C84','-','')),'Development','Student','clientside.sb.validatorExemptions','vmware',1,NULL);
insert into tds_applicationsettings values (UNHEX(REPLACE('79B24E0A-83E3-46ED-BAC2-413499422C13','-','')),'Development','Student','clientside.student.login.guestSession','string',0,NULL);
insert into tds_applicationsettings values (UNHEX(REPLACE('1EF3EE8E-F3FD-49F9-8161-D97FC7C530F7','-','')),'Development','Student','clientside.student.login.guestUser','string',0,NULL);
insert into tds_applicationsettings values (UNHEX(REPLACE('AF4488D2-651D-4319-BBE8-F445B5ACD860','-','')),'Development','Student','http.cache.id','string',0,NULL);
insert into tds_applicationsettings values (UNHEX(REPLACE('823BC072-BD77-4CFC-8CB8-9797B4C7DAEC','-','')),'Development','Student','http.cache.id','string',1,NULL);
insert into tds_applicationsettings values (UNHEX(REPLACE('5A1466FD-5CC2-49F3-BF9F-95E7D7811B41','-','')),'Development','Student','http.cache.prefetch','string',0,NULL);
insert into tds_applicationsettings values (UNHEX(REPLACE('A707C60D-CEAB-4A01-AB96-DFD60889CA46','-','')),'Development','Student','http.cache.prefetch','string',1,NULL);
insert into tds_applicationsettings values (UNHEX(REPLACE('955BA67E-8E27-4FED-9B6F-636137CB6EA9','-','')),'Development','Student','http.manifest.mode','string',0,NULL);
insert into tds_applicationsettings values (UNHEX(REPLACE('FA006D8C-FC2A-412B-A3EB-989677C0E65B','-','')),'Development','Student','http.manifest.mode','string',1,NULL);
insert into tds_applicationsettings values (UNHEX(REPLACE('36C39270-040F-4C11-AF0F-3FCF957F99F8','-','')),'Development','Student','ItemScoring.CallbackUrl','string',0,NULL);
insert into tds_applicationsettings values (UNHEX(REPLACE('9FB9F282-EC30-4768-8A2E-64FC5AEABC3A','-','')),'Development','Student','ItemScoring.CallbackUrl','string',1,NULL);
insert into tds_applicationsettings values (UNHEX(REPLACE('4C888F67-1769-4F43-AF54-417AB78A27F7','-','')),'Development','Student','ItemScoring.Enabled','boolean',0,NULL);
insert into tds_applicationsettings values (UNHEX(REPLACE('622F5ADD-BF75-4B3E-AEA3-B218CC012B37','-','')),'Development','Student','ItemScoring.Enabled','boolean',1,NULL);
insert into tds_applicationsettings values (UNHEX(REPLACE('750511F3-D4F0-42DD-924B-9856837577D7','-','')),'Development','Student','ItemScoring.ServerUrl','string',0,NULL);
insert into tds_applicationsettings values (UNHEX(REPLACE('B6C88BDA-0D66-447F-85D9-3716BF55F03C','-','')),'Development','Student','ItemScoring.ServerUrl','string',1,NULL);
insert into tds_applicationsettings values (UNHEX(REPLACE('C73CF942-0969-4422-A128-6916BA3BECA0','-','')),'Development','Student','ItemScoring.Timer.Enabled','boolean',0,NULL);
insert into tds_applicationsettings values (UNHEX(REPLACE('2F891273-FB99-4640-80B5-136D4419CAE7','-','')),'Development','Student','ItemScoring.Timer.Enabled','boolean',1,NULL);
insert into tds_applicationsettings values (UNHEX(REPLACE('75CA8ADC-1300-4C10-8EA0-A2FD61D7024A','-','')),'Development','Student','itemScoring.timer.intervalSecs','integer',0,NULL);
insert into tds_applicationsettings values (UNHEX(REPLACE('F062E683-2F75-4605-8E7E-2754173C7401','-','')),'Development','Student','itemScoring.timer.intervalSecs','integer',1,NULL);
insert into tds_applicationsettings values (UNHEX(REPLACE('A2B4B7AD-8271-4996-A0F5-9016F8BA824F','-','')),'Development','Student','itemScoring.timer.maxAttempts','integer',1,NULL);
insert into tds_applicationsettings values (UNHEX(REPLACE('2AAE8716-F77C-43B2-BCBE-B7986E41E320','-','')),'Development','Student','itemScoring.timer.pendingMins','integer',0,NULL);
insert into tds_applicationsettings values (UNHEX(REPLACE('A31B77F7-48E9-4C10-8534-43866192CE8D','-','')),'Development','Student','itemScoring.timer.pendingMins','integer',1,NULL);
insert into tds_applicationsettings values (UNHEX(REPLACE('750A92C8-5016-4F18-B348-B0D839A1C34A','-','')),'Development','Student','tds.itemRenderer.enableMathML','boolean',0,NULL);
insert into tds_applicationsettings values (UNHEX(REPLACE('0CD5A59C-1B8F-4B09-88DF-77D7C6A03CAA','-','')),'Development','Student','tds.itemRenderer.enableMathML','boolean',1,NULL);
insert into tds_applicationsettings values (UNHEX(REPLACE('9C0CEC1F-4707-44F1-8C80-474C2BAA677D','-','')),'Development','Student','tds.itemRenderer.supportHttpRanges','boolean',0,NULL);
insert into tds_applicationsettings values (UNHEX(REPLACE('60581526-1B58-43AF-BC06-B59555E47C23','-','')),'Development','Student','tds.itemRenderer.supportHttpRanges','boolean',1,NULL);
insert into tds_applicationsettings values (UNHEX(REPLACE('2D71F88D-5FD8-435D-A3ED-57E1CCAF4CE7','-','')),'Development','Student','tds.itemRenderer.urlResolverVersion','integer',0,NULL);
insert into tds_applicationsettings values (UNHEX(REPLACE('9CA206B5-5B91-407D-8DA6-3C9DCDC55C72','-','')),'Development','Student','tds.itemRenderer.urlResolverVersion','integer',1,NULL);
insert into tds_applicationsettings values (UNHEX(REPLACE('48F8C88F-1DC1-4665-9CC3-51AC5A21D472','-','')),'Development','Student','tds.testshell.audioTimeout','integer',0,NULL);
insert into tds_applicationsettings values (UNHEX(REPLACE('52CDE9ED-D970-4F51-B2A6-FEBB4AE73563','-','')),'Development','Student','tds.testshell.audioTimeout','integer',1,NULL);
insert into tds_applicationsettings values (UNHEX(REPLACE('FCA3850F-ADC8-4515-8E4D-281AC82B623E','-','')),'FunctionalTest','Proctor','institutionLevelTestWindows.Enabled','boolean',1,NULL);
insert into tds_applicationsettings values (UNHEX(REPLACE('CEAA322F-A2B3-4658-A5B4-067C5AE856E1','-','')),'FunctionalTest','Proctor','login.openAM.portalUrl','string',0,NULL);
insert into tds_applicationsettings values (UNHEX(REPLACE('D9B044A7-7889-4FEB-B9B5-E9E1954083EC','-','')),'FunctionalTest','Proctor','login.openAM.portalUrl','string',1,NULL);
insert into tds_applicationsettings values (UNHEX(REPLACE('F8768767-E01E-4358-A2FD-3AE98DBFB0A7','-','')),'FunctionalTest','Proctor','selectAllTests.Enabled','boolean',0,NULL);
insert into tds_applicationsettings values (UNHEX(REPLACE('A22752B3-1FE7-4282-86C6-9D1533D0B358','-','')),'FunctionalTest','Proctor','selectAllTests.Enabled','boolean',1,NULL);
insert into tds_applicationsettings values (UNHEX(REPLACE('BEC21411-1779-4FA4-9410-2CC3A33598D2','-','')),'FunctionalTest','ResponseEntry','http.cache.id','string',0,NULL);
insert into tds_applicationsettings values (UNHEX(REPLACE('43148C3A-AD9B-4D95-9B09-AD3F976ADA7D','-','')),'FunctionalTest','ResponseEntry','http.cache.id','string',1,NULL);
insert into tds_applicationsettings values (UNHEX(REPLACE('46AC6262-70ED-47C2-8116-C2CB33FDA1BD','-','')),'FunctionalTest','ResponseEntry','http.cache.prefetch','string',0,NULL);
insert into tds_applicationsettings values (UNHEX(REPLACE('C696C312-259E-4BDF-9D95-04889E2FBDC3','-','')),'FunctionalTest','ResponseEntry','http.cache.prefetch','string',1,NULL);
insert into tds_applicationsettings values (UNHEX(REPLACE('77539609-F990-49A0-B477-A55AE920F278','-','')),'FunctionalTest','ResponseEntry','http.manifest.mode','string',0,NULL);
insert into tds_applicationsettings values (UNHEX(REPLACE('7CDDC203-3846-461C-B9CD-43B5D43559E0','-','')),'FunctionalTest','ResponseEntry','http.manifest.mode','string',1,NULL);
insert into tds_applicationsettings values (UNHEX(REPLACE('8F580946-D153-4342-AA26-C9A03EF76FD6','-','')),'FunctionalTest','ResponseEntry','ItemScoring.CallbackUrl','string',0,NULL);
insert into tds_applicationsettings values (UNHEX(REPLACE('2B15A7A9-22BC-41D8-951B-D97EAE0FBAB9','-','')),'FunctionalTest','ResponseEntry','ItemScoring.CallbackUrl','string',1,NULL);
insert into tds_applicationsettings values (UNHEX(REPLACE('4208BA74-B66C-42CA-BAD3-1FCE200CDA70','-','')),'FunctionalTest','ResponseEntry','ItemScoring.Enabled','boolean',0,NULL);
insert into tds_applicationsettings values (UNHEX(REPLACE('8ADFC2EE-9A92-4E23-9892-CCCC72D5D2B0','-','')),'FunctionalTest','ResponseEntry','ItemScoring.Enabled','boolean',1,NULL);
insert into tds_applicationsettings values (UNHEX(REPLACE('A2ADA9CD-9381-4BF1-A698-4F4C107690D8','-','')),'FunctionalTest','ResponseEntry','ItemScoring.ServerUrl','string',0,NULL);
insert into tds_applicationsettings values (UNHEX(REPLACE('3F7FA6DB-7922-4987-8F93-DDC22F4CF412','-','')),'FunctionalTest','ResponseEntry','ItemScoring.ServerUrl','string',1,NULL);
insert into tds_applicationsettings values (UNHEX(REPLACE('067388BA-E1B8-41F4-A0DB-466A645FAAA4','-','')),'FunctionalTest','ResponseEntry','ItemScoring.Timer.Enabled','boolean',0,NULL);
insert into tds_applicationsettings values (UNHEX(REPLACE('7250C07B-2D7D-4A71-A4BE-CA4ECBCAD9F5','-','')),'FunctionalTest','ResponseEntry','ItemScoring.Timer.Enabled','boolean',1,NULL);
insert into tds_applicationsettings values (UNHEX(REPLACE('1119A22D-F4C4-4C15-926D-ECAD43C393C9','-','')),'FunctionalTest','ResponseEntry','itemScoring.timer.intervalSecs','integer',1,NULL);
insert into tds_applicationsettings values (UNHEX(REPLACE('27507B28-6735-42D0-8078-8682B9784BFC','-','')),'FunctionalTest','ResponseEntry','itemScoring.timer.maxAttempts','integer',1,NULL);
insert into tds_applicationsettings values (UNHEX(REPLACE('DF0725FF-197D-44EB-BC1D-0E91D958112F','-','')),'FunctionalTest','ResponseEntry','login.openAM.idpEntityID','string',1,NULL);
insert into tds_applicationsettings values (UNHEX(REPLACE('1354EA9A-097E-4C64-9B51-1310A71EA2F2','-','')),'FunctionalTest','ResponseEntry','login.OpenAM.idpMetadataUrl','string',1,NULL);
insert into tds_applicationsettings values (UNHEX(REPLACE('BCD18793-2185-4537-9F1D-3D966E8A142B','-','')),'FunctionalTest','ResponseEntry','login.openAM.portalUrl','string',0,NULL);
insert into tds_applicationsettings values (UNHEX(REPLACE('69C831FB-6DCE-417E-9DD6-82200F255669','-','')),'FunctionalTest','ResponseEntry','login.openAM.portalUrl','string',1,NULL);
insert into tds_applicationsettings values (UNHEX(REPLACE('7B51F90C-93D9-4EF8-AE80-09131587DDF6','-','')),'FunctionalTest','ResponseEntry','login.openAM.spEntityID','string',1,NULL);
insert into tds_applicationsettings values (UNHEX(REPLACE('6F500522-C0B8-4205-B367-8DEB630EE75B','-','')),'FunctionalTest','ResponseEntry','tds.itemRenderer.enableMathML','boolean',0,NULL);
insert into tds_applicationsettings values (UNHEX(REPLACE('0BD2CDE6-21E3-4A96-9580-0BD2BA698ED9','-','')),'FunctionalTest','ResponseEntry','tds.itemRenderer.enableMathML','boolean',1,NULL);
insert into tds_applicationsettings values (UNHEX(REPLACE('60208D04-9B92-445B-A0B6-6593FD3E9AC3','-','')),'FunctionalTest','ResponseEntry','tds.itemRenderer.supportHttpRanges','boolean',0,NULL);
insert into tds_applicationsettings values (UNHEX(REPLACE('E9935B72-3247-459D-ABB5-1990F2DEFA28','-','')),'FunctionalTest','ResponseEntry','tds.itemRenderer.supportHttpRanges','boolean',1,NULL);
insert into tds_applicationsettings values (UNHEX(REPLACE('0EF67173-8042-4C03-B42E-9701A0F57889','-','')),'FunctionalTest','ResponseEntry','tds.itemRenderer.urlResolverVersion','integer',0,NULL);
insert into tds_applicationsettings values (UNHEX(REPLACE('EC8581E0-6299-434E-B2EF-F22373E012D5','-','')),'FunctionalTest','ResponseEntry','tds.itemRenderer.urlResolverVersion','integer',1,NULL);
insert into tds_applicationsettings values (UNHEX(REPLACE('D7A63410-1A87-4948-BF41-B55631CF881F','-','')),'FunctionalTest','ScoreEntry','http.cache.id','string',0,NULL);
insert into tds_applicationsettings values (UNHEX(REPLACE('0E15E8D3-283C-43FF-9E61-8BB0A01868A3','-','')),'FunctionalTest','ScoreEntry','http.cache.id','string',1,NULL);
insert into tds_applicationsettings values (UNHEX(REPLACE('121CADE8-C7D2-4028-95CF-DDC51E323142','-','')),'FunctionalTest','ScoreEntry','http.cache.prefetch','string',0,NULL);
insert into tds_applicationsettings values (UNHEX(REPLACE('9D7DCD08-14B3-4C75-BCEA-4E121B21C341','-','')),'FunctionalTest','ScoreEntry','http.cache.prefetch','string',1,NULL);
insert into tds_applicationsettings values (UNHEX(REPLACE('83835F36-E292-4F36-BA41-1261A95123EB','-','')),'FunctionalTest','ScoreEntry','http.manifest.mode','string',0,NULL);
insert into tds_applicationsettings values (UNHEX(REPLACE('089C27C9-76D1-4A9D-9D76-4A21801A2076','-','')),'FunctionalTest','ScoreEntry','http.manifest.mode','string',1,NULL);
insert into tds_applicationsettings values (UNHEX(REPLACE('2C99810D-C20E-4D33-9FE4-329C1D1C22A7','-','')),'FunctionalTest','ScoreEntry','ItemScoring.CallbackUrl','string',0,NULL);
insert into tds_applicationsettings values (UNHEX(REPLACE('92789D0A-9F26-4EDA-8589-4B94A6BEDB45','-','')),'FunctionalTest','ScoreEntry','ItemScoring.CallbackUrl','string',1,NULL);
insert into tds_applicationsettings values (UNHEX(REPLACE('E1FC9EDF-2C02-4BDB-B0B7-E6AD39CCCC30','-','')),'FunctionalTest','ScoreEntry','ItemScoring.Enabled','boolean',0,NULL);
insert into tds_applicationsettings values (UNHEX(REPLACE('EAC1A3B9-F017-4D32-B5CA-16C5568D6E80','-','')),'FunctionalTest','ScoreEntry','ItemScoring.Enabled','boolean',1,NULL);
insert into tds_applicationsettings values (UNHEX(REPLACE('487B20FA-7049-46B6-9DBD-2CBF29CABFDF','-','')),'FunctionalTest','ScoreEntry','ItemScoring.ServerUrl','string',0,NULL);
insert into tds_applicationsettings values (UNHEX(REPLACE('1C748DCC-8F94-42A7-A0C7-795FD80A54AB','-','')),'FunctionalTest','ScoreEntry','ItemScoring.ServerUrl','string',1,NULL);
insert into tds_applicationsettings values (UNHEX(REPLACE('0680C5B0-4995-4DC7-BCF7-172811E66B08','-','')),'FunctionalTest','ScoreEntry','ItemScoring.Timer.Enabled','boolean',0,NULL);
insert into tds_applicationsettings values (UNHEX(REPLACE('CB5DC9D8-D28E-495E-9F2E-3DFF8FB01E72','-','')),'FunctionalTest','ScoreEntry','ItemScoring.Timer.Enabled','boolean',1,NULL);
insert into tds_applicationsettings values (UNHEX(REPLACE('BE28D423-4FB1-4322-BFCD-D15F4913921A','-','')),'FunctionalTest','ScoreEntry','itemScoring.timer.intervalSecs','integer',1,NULL);
insert into tds_applicationsettings values (UNHEX(REPLACE('E18B71EE-2CDF-4C66-A3F9-A334DA7508FB','-','')),'FunctionalTest','ScoreEntry','itemScoring.timer.maxAttempts','integer',1,NULL);
insert into tds_applicationsettings values (UNHEX(REPLACE('FBEB0757-48FB-4A23-B691-8865A7312C27','-','')),'FunctionalTest','ScoreEntry','login.openAM.idpEntityID','string',1,NULL);
insert into tds_applicationsettings values (UNHEX(REPLACE('8C63B052-2736-41DF-9D7A-6DCA3C18306A','-','')),'FunctionalTest','ScoreEntry','login.OpenAM.idpMetadataUrl','string',1,NULL);
insert into tds_applicationsettings values (UNHEX(REPLACE('348E0B05-F296-4D0E-B0E4-042DA462E292','-','')),'FunctionalTest','ScoreEntry','login.openAM.portalUrl','string',0,NULL);
insert into tds_applicationsettings values (UNHEX(REPLACE('FF13DA3F-51AD-483E-8DFA-D0C62D75B7DE','-','')),'FunctionalTest','ScoreEntry','login.openAM.portalUrl','string',1,NULL);
insert into tds_applicationsettings values (UNHEX(REPLACE('F29A9C9E-0098-4E22-B989-CCD0881BF298','-','')),'FunctionalTest','ScoreEntry','login.openAM.spEntityID','string',1,NULL);
insert into tds_applicationsettings values (UNHEX(REPLACE('5930BD36-D779-4F12-801E-12397E5B4689','-','')),'FunctionalTest','ScoreEntry','tds.itemRenderer.enableMathML','boolean',0,NULL);
insert into tds_applicationsettings values (UNHEX(REPLACE('C9ABE0F5-F90F-4777-8B1D-3D7634DCEFFF','-','')),'FunctionalTest','ScoreEntry','tds.itemRenderer.enableMathML','boolean',1,NULL);
insert into tds_applicationsettings values (UNHEX(REPLACE('B7E4CE64-F77A-4FE3-9ECE-0AC4A00DB50B','-','')),'FunctionalTest','ScoreEntry','tds.itemRenderer.supportHttpRanges','boolean',0,NULL);
insert into tds_applicationsettings values (UNHEX(REPLACE('386F1835-7A2F-4464-B736-68F195B4BDBE','-','')),'FunctionalTest','ScoreEntry','tds.itemRenderer.supportHttpRanges','boolean',1,NULL);
insert into tds_applicationsettings values (UNHEX(REPLACE('37B88D8D-6DA4-4CCB-9D98-F9BFE53FA7D6','-','')),'FunctionalTest','ScoreEntry','tds.itemRenderer.urlResolverVersion','integer',0,NULL);
insert into tds_applicationsettings values (UNHEX(REPLACE('21BDEFA7-C7B4-4167-B055-198058CC3C1A','-','')),'FunctionalTest','ScoreEntry','tds.itemRenderer.urlResolverVersion','integer',1,NULL);
insert into tds_applicationsettings values (UNHEX(REPLACE('9B1632F2-14F0-4A0B-B5A8-081633E0B4F9','-','')),'FunctionalTest','Student','clientside.editor.contentDeletedCharThreshold','integer',0,NULL);
insert into tds_applicationsettings values (UNHEX(REPLACE('2406D25C-F5CA-465D-B4B5-A4E83A896F7F','-','')),'FunctionalTest','Student','clientside.editor.contentDeletedCharThreshold','integer',1,NULL);
insert into tds_applicationsettings values (UNHEX(REPLACE('32D50691-9AAB-4B20-8F17-1A89EA6AD86C','-','')),'FunctionalTest','Student','clientside.editor.contentDeletedLogging','string',0,NULL);
insert into tds_applicationsettings values (UNHEX(REPLACE('83B8A8C9-47A0-411F-853C-50D3932BF108','-','')),'FunctionalTest','Student','clientside.editor.contentDeletedLogging','string',1,NULL);
insert into tds_applicationsettings values (UNHEX(REPLACE('5C9ADACB-EDC9-4C18-8C34-EA23CF261A73','-','')),'FunctionalTest','Student','clientside.editor.contentDeletedPctThreshold','integer',0,NULL);
insert into tds_applicationsettings values (UNHEX(REPLACE('1F10A276-C313-46C9-A800-CDD699E02B75','-','')),'FunctionalTest','Student','clientside.editor.contentDeletedPctThreshold','integer',1,NULL);
insert into tds_applicationsettings values (UNHEX(REPLACE('1F70DA98-D352-4351-93A2-985AEE8ED1D3','-','')),'FunctionalTest','Student','clientside.sb.assistxRequired','boolean',0,NULL);
insert into tds_applicationsettings values (UNHEX(REPLACE('7BC7FA1F-3AF9-4293-8354-16DB6B95C1E1','-','')),'FunctionalTest','Student','clientside.sb.assistxRequired','boolean',1,NULL);
insert into tds_applicationsettings values (UNHEX(REPLACE('70C10BD4-7CD9-494D-871F-807981EA96F1','-','')),'FunctionalTest','Student','clientside.sb.assistxWhitelist','string',0,NULL);
insert into tds_applicationsettings values (UNHEX(REPLACE('DB039344-9FE0-4864-88A1-8864A373F2CA','-','')),'FunctionalTest','Student','clientside.sb.assistxWhitelist','string',1,NULL);
insert into tds_applicationsettings values (UNHEX(REPLACE('D2AB853B-5434-4473-A51A-4195CD5AEB2D','-','')),'FunctionalTest','Student','clientside.sb.iosAutonomousGuidedAccessAllowed','boolean',0,NULL);
insert into tds_applicationsettings values (UNHEX(REPLACE('BB9461F6-0870-4365-B3C8-93BF79D75F45','-','')),'FunctionalTest','Student','clientside.sb.iosAutonomousGuidedAccessAllowed','boolean',1,NULL);
insert into tds_applicationsettings values (UNHEX(REPLACE('7FC7C8D2-A367-4C85-A9C5-B67CD33C45EF','-','')),'FunctionalTest','Student','clientside.sb.validatorExemptions','vmware',0,NULL);
insert into tds_applicationsettings values (UNHEX(REPLACE('D3BDC12D-42BF-47C3-B0DD-86FAD9E10599','-','')),'FunctionalTest','Student','clientside.sb.validatorExemptions','vmware',1,NULL);
insert into tds_applicationsettings values (UNHEX(REPLACE('9F1A06A7-7093-44C7-8371-288F8194D69D','-','')),'FunctionalTest','Student','clientside.student.login.guestSession','string',0,NULL);
insert into tds_applicationsettings values (UNHEX(REPLACE('ACE2E8D0-324A-4AC6-8D75-7370D251D062','-','')),'FunctionalTest','Student','clientside.student.login.guestUser','string',0,NULL);
insert into tds_applicationsettings values (UNHEX(REPLACE('AE69B794-E075-4CCC-BD6A-B1381479835A','-','')),'FunctionalTest','Student','http.cache.id','string',0,NULL);
insert into tds_applicationsettings values (UNHEX(REPLACE('513C7EB6-C98F-4E21-B206-6653BABD0B88','-','')),'FunctionalTest','Student','http.cache.id','string',1,NULL);
insert into tds_applicationsettings values (UNHEX(REPLACE('DCFA4496-7E86-4AD2-A9B5-BB679B1DC754','-','')),'FunctionalTest','Student','http.cache.prefetch','string',0,NULL);
insert into tds_applicationsettings values (UNHEX(REPLACE('F951DFFF-BDCA-4363-97AA-A7B559DB54EF','-','')),'FunctionalTest','Student','http.cache.prefetch','string',1,NULL);
insert into tds_applicationsettings values (UNHEX(REPLACE('00DD788A-FCD8-4DD3-B33D-5983A9C28981','-','')),'FunctionalTest','Student','http.manifest.mode','string',0,NULL);
insert into tds_applicationsettings values (UNHEX(REPLACE('181FDE0D-B0B5-463B-A33F-0933D36559E4','-','')),'FunctionalTest','Student','http.manifest.mode','string',1,NULL);
insert into tds_applicationsettings values (UNHEX(REPLACE('447FF8D0-A7B8-476D-876E-1AEBA34FDEA4','-','')),'FunctionalTest','Student','ItemScoring.CallbackUrl','string',0,NULL);
insert into tds_applicationsettings values (UNHEX(REPLACE('03E4F8FA-E027-4E97-A2F1-74F99E7E10F0','-','')),'FunctionalTest','Student','ItemScoring.CallbackUrl','string',1,NULL);
insert into tds_applicationsettings values (UNHEX(REPLACE('78B41EED-DAD6-40AC-B6EF-9F609DBB3115','-','')),'FunctionalTest','Student','ItemScoring.Enabled','boolean',0,NULL);
insert into tds_applicationsettings values (UNHEX(REPLACE('54496F69-673E-425F-AF71-D9065FF248C2','-','')),'FunctionalTest','Student','ItemScoring.Enabled','boolean',1,NULL);
insert into tds_applicationsettings values (UNHEX(REPLACE('27D791AD-8486-45EE-9F7F-5C35143D778F','-','')),'FunctionalTest','Student','ItemScoring.ServerUrl','string',0,NULL);
insert into tds_applicationsettings values (UNHEX(REPLACE('B2043838-8843-48CC-92A8-68568F802E87','-','')),'FunctionalTest','Student','ItemScoring.ServerUrl','string',1,NULL);
insert into tds_applicationsettings values (UNHEX(REPLACE('FB40F6C8-CDB6-4B8F-BB15-09ABF6DCF1F5','-','')),'FunctionalTest','Student','ItemScoring.Timer.Enabled','boolean',0,NULL);
insert into tds_applicationsettings values (UNHEX(REPLACE('7B5C6BE4-94A2-4A54-A5C0-7583CF4A3206','-','')),'FunctionalTest','Student','ItemScoring.Timer.Enabled','boolean',1,NULL);
insert into tds_applicationsettings values (UNHEX(REPLACE('A50EAA2D-1C1A-4D85-95BA-4FAA84B1FA54','-','')),'FunctionalTest','Student','itemScoring.timer.intervalSecs','integer',0,NULL);
insert into tds_applicationsettings values (UNHEX(REPLACE('BF9DE04B-DDF4-4272-B1EF-2D2671DF20B2','-','')),'FunctionalTest','Student','itemScoring.timer.intervalSecs','integer',1,NULL);
insert into tds_applicationsettings values (UNHEX(REPLACE('E546FBFA-739D-4370-A6CD-D3D3760375AC','-','')),'FunctionalTest','Student','itemScoring.timer.maxAttempts','integer',1,NULL);
insert into tds_applicationsettings values (UNHEX(REPLACE('071D69CD-E8EF-4A47-837B-23E864841DFB','-','')),'FunctionalTest','Student','itemScoring.timer.pendingMins','integer',0,NULL);
insert into tds_applicationsettings values (UNHEX(REPLACE('55B86C18-A029-4DBD-8C11-4D44BF4E6971','-','')),'FunctionalTest','Student','itemScoring.timer.pendingMins','integer',1,NULL);
insert into tds_applicationsettings values (UNHEX(REPLACE('550AC1F0-661B-4816-BC2F-4F1C41A1578F','-','')),'FunctionalTest','Student','tds.itemRenderer.enableMathML','boolean',0,NULL);
insert into tds_applicationsettings values (UNHEX(REPLACE('3E920FEE-FC95-4CBE-8F01-9436AC3495C5','-','')),'FunctionalTest','Student','tds.itemRenderer.enableMathML','boolean',1,NULL);
insert into tds_applicationsettings values (UNHEX(REPLACE('47B769CF-A953-47F2-9DAF-01A9F615CE84','-','')),'FunctionalTest','Student','tds.itemRenderer.supportHttpRanges','boolean',0,NULL);
insert into tds_applicationsettings values (UNHEX(REPLACE('4F24D38B-0CB1-4752-B8A0-C38C02A74C94','-','')),'FunctionalTest','Student','tds.itemRenderer.supportHttpRanges','boolean',1,NULL);
insert into tds_applicationsettings values (UNHEX(REPLACE('2073CA71-D14A-4EDB-B9E2-57DF45615017','-','')),'FunctionalTest','Student','tds.itemRenderer.urlResolverVersion','integer',0,NULL);
insert into tds_applicationsettings values (UNHEX(REPLACE('DDB2F189-6F84-427F-AE88-7A8A9DD77FA2','-','')),'FunctionalTest','Student','tds.itemRenderer.urlResolverVersion','integer',1,NULL);
insert into tds_applicationsettings values (UNHEX(REPLACE('820B6143-A0AA-482C-91B8-15A0C35927DA','-','')),'FunctionalTest','Student','tds.testshell.audioTimeout','integer',0,NULL);
insert into tds_applicationsettings values (UNHEX(REPLACE('022FC07C-80B9-4E7D-9390-FFE2BFF5DC3D','-','')),'FunctionalTest','Student','tds.testshell.audioTimeout','integer',1,NULL);
insert into tds_applicationsettings values (UNHEX(REPLACE('0733232F-7F3E-448E-BBF9-2F5161875A9C','-','')),'FunctionalTest','Student','tds.testshell.forbiddenAppsInterval','integer',0,NULL);
insert into tds_applicationsettings values (UNHEX(REPLACE('801A7878-AA77-4FE0-81AD-06C85C63145A','-','')),'FunctionalTest','Student','tds.testshell.forbiddenAppsInterval','integer',1,NULL);
insert into tds_applicationsettings values (UNHEX(REPLACE('D0B20CC6-F524-4689-886B-10068DE08AED','-','')),'Production','Proctor','BlackboxUrl','string',1,NULL);
insert into tds_applicationsettings values (UNHEX(REPLACE('5844C1DE-14F2-4476-9E04-A249E96F8D33','-','')),'Production','Proctor','institutionLevelTestWindows.Enabled','boolean',1,NULL);
insert into tds_applicationsettings values (UNHEX(REPLACE('A926E848-FB78-403C-B45D-07C869CB602C','-','')),'Production','Proctor','login.openAM.idpEntityID','string',0,NULL);
insert into tds_applicationsettings values (UNHEX(REPLACE('FC9FE999-CCCE-42DC-876E-C9D6B46F9A3E','-','')),'Production','Proctor','login.openAM.idpMetadataUrl','string',0,NULL);
insert into tds_applicationsettings values (UNHEX(REPLACE('FDBC58CD-836C-4263-8EC6-0C6FACF1FCF7','-','')),'Production','Proctor','login.openAM.logoutUrl','string',1,NULL);
insert into tds_applicationsettings values (UNHEX(REPLACE('5B051C60-1F28-4405-B7E1-62F0614F9D82','-','')),'Production','Proctor','login.openAM.portalUrl','string',0,NULL);
insert into tds_applicationsettings values (UNHEX(REPLACE('8E72E57A-EA46-47AA-9A24-0CB33533DF46','-','')),'Production','Proctor','login.openAM.portalUrl','string',1,NULL);
insert into tds_applicationsettings values (UNHEX(REPLACE('28C93299-A9F4-48BE-BA99-46861A74999E','-','')),'Production','Proctor','login.openAM.SAML.idealTimeout','string',1,NULL);
insert into tds_applicationsettings values (UNHEX(REPLACE('749ECC4B-3983-40E0-8103-B2C927844AF9','-','')),'Production','Proctor','login.openAM.SAML.keepAliveURL','string',1,NULL);
insert into tds_applicationsettings values (UNHEX(REPLACE('17144842-0393-4538-83DA-C441ABD1F95B','-','')),'Production','Proctor','login.openAM.SAML.landingPage','string',1,NULL);
insert into tds_applicationsettings values (UNHEX(REPLACE('5429CA57-CC56-4861-8C1C-99827041DF2E','-','')),'Production','Proctor','login.openAM.SAML.refreshSessionUrl','string',1,NULL);
insert into tds_applicationsettings values (UNHEX(REPLACE('C0485D1F-8ED3-4AF5-A574-ECA3D0D06A4A','-','')),'Production','Proctor','login.openAM.SAML.tokenCookieName','string',1,NULL);
insert into tds_applicationsettings values (UNHEX(REPLACE('4B2F80D6-CD19-4D6E-B364-3C0A6863DC1F','-','')),'Production','Proctor','login.openAM.SAML.usernameCookie','string',1,NULL);
insert into tds_applicationsettings values (UNHEX(REPLACE('8FE22B83-5FBF-4D36-9418-EBAE7B40EA04','-','')),'Production','Proctor','login.openAM.spEntityID','string',0,NULL);
insert into tds_applicationsettings values (UNHEX(REPLACE('8371458A-017F-4A5A-AAC4-A18647BC92CF','-','')),'Production','Proctor','login.queryString.AuthParam','string',1,NULL);
insert into tds_applicationsettings values (UNHEX(REPLACE('199AEFB2-4C59-4A6B-9A19-6BA2640D5618','-','')),'Production','Proctor','login.queryString.Key','string',1,NULL);
insert into tds_applicationsettings values (UNHEX(REPLACE('71C7CF5D-9156-4E37-84D6-9D79F629FD3F','-','')),'Production','Proctor','rts.hashAlgorithm','string',1,NULL);
insert into tds_applicationsettings values (UNHEX(REPLACE('72025FCA-DF4E-44D1-AD76-511A38303916','-','')),'Production','Proctor','selectAllTests.Enabled','boolean',0,NULL);
insert into tds_applicationsettings values (UNHEX(REPLACE('6902EEB9-07B9-4BB0-9E81-33955575E706','-','')),'Production','Proctor','selectAllTests.Enabled','boolean',1,NULL);
insert into tds_applicationsettings values (UNHEX(REPLACE('C91D67FA-EE25-4CB9-BC80-E0DEA3162A2B','-','')),'Production','ResponseEntry','http.cache.id','string',0,NULL);
insert into tds_applicationsettings values (UNHEX(REPLACE('C56F8586-A39A-4CD9-B760-9617ED63CC9B','-','')),'Production','ResponseEntry','http.cache.id','string',1,NULL);
insert into tds_applicationsettings values (UNHEX(REPLACE('3FA0DD15-7A2D-4B12-A925-A7014F2730C1','-','')),'Production','ResponseEntry','http.cache.prefetch','string',0,NULL);
insert into tds_applicationsettings values (UNHEX(REPLACE('DE5F91CF-D9F2-4A4C-B435-414DCFB4E356','-','')),'Production','ResponseEntry','http.cache.prefetch','string',1,NULL);
insert into tds_applicationsettings values (UNHEX(REPLACE('DAECC33D-86E6-41EF-A0C8-8CE083884906','-','')),'Production','ResponseEntry','http.manifest.mode','string',0,NULL);
insert into tds_applicationsettings values (UNHEX(REPLACE('551ADD4F-60C9-464B-9297-71B95536FEB6','-','')),'Production','ResponseEntry','http.manifest.mode','string',1,NULL);
insert into tds_applicationsettings values (UNHEX(REPLACE('AAE65F85-4413-4282-999A-A30C54F545D2','-','')),'Production','ResponseEntry','ItemScoring.CallbackUrl','string',0,NULL);
insert into tds_applicationsettings values (UNHEX(REPLACE('598BC429-0D40-4404-B0D3-2C9FD66708D5','-','')),'Production','ResponseEntry','ItemScoring.CallbackUrl','string',1,NULL);
insert into tds_applicationsettings values (UNHEX(REPLACE('F9B22AFC-06C2-4CAB-84A0-5B85FB138F86','-','')),'Production','ResponseEntry','ItemScoring.Enabled','boolean',0,NULL);
insert into tds_applicationsettings values (UNHEX(REPLACE('9940A88C-53EF-43A4-86D7-355754C77471','-','')),'Production','ResponseEntry','ItemScoring.Enabled','boolean',1,NULL);
insert into tds_applicationsettings values (UNHEX(REPLACE('EBB8C1A5-4EF9-43B9-8A66-0F5C49228EE6','-','')),'Production','ResponseEntry','ItemScoring.ServerUrl','string',0,NULL);
insert into tds_applicationsettings values (UNHEX(REPLACE('BDEB7917-B278-4802-83F2-479B5D651820','-','')),'Production','ResponseEntry','ItemScoring.ServerUrl','string',1,NULL);
insert into tds_applicationsettings values (UNHEX(REPLACE('54F2C300-0BA6-4976-8FC6-78F4DAB349AB','-','')),'Production','ResponseEntry','ItemScoring.Timer.Enabled','boolean',0,NULL);
insert into tds_applicationsettings values (UNHEX(REPLACE('719A0DB2-7225-4343-8875-216673549FDD','-','')),'Production','ResponseEntry','ItemScoring.Timer.Enabled','boolean',1,NULL);
insert into tds_applicationsettings values (UNHEX(REPLACE('8B2D5181-B076-4C1D-BDCC-319B1F585EE6','-','')),'Production','ResponseEntry','itemScoring.timer.intervalSecs','integer',1,NULL);
insert into tds_applicationsettings values (UNHEX(REPLACE('B919C02B-0EAF-479A-9F9A-1A8515D702C5','-','')),'Production','ResponseEntry','itemScoring.timer.maxAttempts','integer',1,NULL);
insert into tds_applicationsettings values (UNHEX(REPLACE('70498A9C-F2B4-471A-90B8-7BCB0AC3643B','-','')),'Production','ResponseEntry','login.openAM.idpEntityID','string',1,NULL);
insert into tds_applicationsettings values (UNHEX(REPLACE('73024782-5707-4126-86D8-F5AF1140A1FE','-','')),'Production','ResponseEntry','login.OpenAM.idpMetadataUrl','string',1,NULL);
insert into tds_applicationsettings values (UNHEX(REPLACE('4CFA110F-A37D-45C6-92B0-B466E60E5085','-','')),'Production','ResponseEntry','login.openAM.portalUrl','string',0,NULL);
insert into tds_applicationsettings values (UNHEX(REPLACE('4B5D7088-B821-4CB8-990B-5C97ECC8891E','-','')),'Production','ResponseEntry','login.openAM.portalUrl','string',1,NULL);
insert into tds_applicationsettings values (UNHEX(REPLACE('DC27221E-8460-43C3-BD56-8B8CF6FAF038','-','')),'Production','ResponseEntry','login.openAM.spEntityID','string',1,NULL);
insert into tds_applicationsettings values (UNHEX(REPLACE('3A9252AF-F6A4-493C-9ABF-B18722F0C35B','-','')),'Production','ResponseEntry','tds.itemRenderer.enableMathML','boolean',0,NULL);
insert into tds_applicationsettings values (UNHEX(REPLACE('47290BA8-08B6-44A8-854B-7BC8CCC0563A','-','')),'Production','ResponseEntry','tds.itemRenderer.enableMathML','boolean',1,NULL);
insert into tds_applicationsettings values (UNHEX(REPLACE('3943983E-C6FE-4733-B5B5-209B5CBB8CDF','-','')),'Production','ResponseEntry','tds.itemRenderer.supportHttpRanges','boolean',0,NULL);
insert into tds_applicationsettings values (UNHEX(REPLACE('DDE2DA9E-212F-4974-ABA6-A0835C7428B8','-','')),'Production','ResponseEntry','tds.itemRenderer.supportHttpRanges','boolean',1,NULL);
insert into tds_applicationsettings values (UNHEX(REPLACE('68FE11B1-133E-4488-B94E-8307353FA48E','-','')),'Production','ResponseEntry','tds.itemRenderer.urlResolverVersion','integer',0,NULL);
insert into tds_applicationsettings values (UNHEX(REPLACE('5B3A033E-D01B-4412-89FB-4644E9339DE3','-','')),'Production','ResponseEntry','tds.itemRenderer.urlResolverVersion','integer',1,NULL);
insert into tds_applicationsettings values (UNHEX(REPLACE('D663FC5A-9323-4507-872B-7651D27954CF','-','')),'Production','ScoreEntry','http.cache.id','string',0,NULL);
insert into tds_applicationsettings values (UNHEX(REPLACE('CDA24040-71F5-4092-844B-AB7B4C7F6C46','-','')),'Production','ScoreEntry','http.cache.id','string',1,NULL);
insert into tds_applicationsettings values (UNHEX(REPLACE('E0E76997-2FC5-42C0-8E01-02D32A4FD47D','-','')),'Production','ScoreEntry','http.cache.prefetch','string',0,NULL);
insert into tds_applicationsettings values (UNHEX(REPLACE('6ACC4FD8-085A-46B7-AC19-2F7C3283E1F5','-','')),'Production','ScoreEntry','http.cache.prefetch','string',1,NULL);
insert into tds_applicationsettings values (UNHEX(REPLACE('6A9F6ED4-082B-4956-999D-9ECCEFC21B6B','-','')),'Production','ScoreEntry','http.manifest.mode','string',0,NULL);
insert into tds_applicationsettings values (UNHEX(REPLACE('BC3FC89E-8EE9-4471-B3D3-AA65481CD43B','-','')),'Production','ScoreEntry','http.manifest.mode','string',1,NULL);
insert into tds_applicationsettings values (UNHEX(REPLACE('441EA10A-79C0-4282-9AC2-ECE34F0ADBA7','-','')),'Production','ScoreEntry','ItemScoring.CallbackUrl','string',0,NULL);
insert into tds_applicationsettings values (UNHEX(REPLACE('25114886-40E0-452E-920D-35AB6BE2F507','-','')),'Production','ScoreEntry','ItemScoring.CallbackUrl','string',1,NULL);
insert into tds_applicationsettings values (UNHEX(REPLACE('5F62EE34-749F-4CDA-ADD6-E8EC3ACBDC06','-','')),'Production','ScoreEntry','ItemScoring.Enabled','boolean',0,NULL);
insert into tds_applicationsettings values (UNHEX(REPLACE('0CC57912-C282-4BCD-A73C-F6701F8FE74A','-','')),'Production','ScoreEntry','ItemScoring.Enabled','boolean',1,NULL);
insert into tds_applicationsettings values (UNHEX(REPLACE('24680BD5-ABC5-40D1-9B05-E5D918EED2EC','-','')),'Production','ScoreEntry','ItemScoring.ServerUrl','string',0,NULL);
insert into tds_applicationsettings values (UNHEX(REPLACE('D219AF3A-7279-4996-B6F1-DBDE9C8267F7','-','')),'Production','ScoreEntry','ItemScoring.ServerUrl','string',1,NULL);
insert into tds_applicationsettings values (UNHEX(REPLACE('C6040FE6-1EF4-49B7-A336-5E11955B6075','-','')),'Production','ScoreEntry','ItemScoring.Timer.Enabled','boolean',0,NULL);
insert into tds_applicationsettings values (UNHEX(REPLACE('B008D757-881C-4BB9-88B2-E671A964855E','-','')),'Production','ScoreEntry','ItemScoring.Timer.Enabled','boolean',1,NULL);
insert into tds_applicationsettings values (UNHEX(REPLACE('9DFD3300-9147-42F9-8EA2-900DB400BC9B','-','')),'Production','ScoreEntry','itemScoring.timer.intervalSecs','integer',1,NULL);
insert into tds_applicationsettings values (UNHEX(REPLACE('01873ADD-A1BA-4BD8-9C72-3A88C469057F','-','')),'Production','ScoreEntry','itemScoring.timer.maxAttempts','integer',1,NULL);
insert into tds_applicationsettings values (UNHEX(REPLACE('B1D632DD-E944-4B6B-8B65-B568E134A459','-','')),'Production','ScoreEntry','login.openAM.idpEntityID','string',1,NULL);
insert into tds_applicationsettings values (UNHEX(REPLACE('52FB9CC3-35E2-40F2-B0CB-B0E830F25E66','-','')),'Production','ScoreEntry','login.OpenAM.idpMetadataUrl','string',1,NULL);
insert into tds_applicationsettings values (UNHEX(REPLACE('8CB63516-DDB5-40BB-89FA-269DF3650857','-','')),'Production','ScoreEntry','login.openAM.portalUrl','string',0,NULL);
insert into tds_applicationsettings values (UNHEX(REPLACE('33648F1C-C3B0-43D2-9C97-BC019709D8A6','-','')),'Production','ScoreEntry','login.openAM.portalUrl','string',1,NULL);
insert into tds_applicationsettings values (UNHEX(REPLACE('258A5C47-E748-4C64-8E7B-C63DCE8D46F4','-','')),'Production','ScoreEntry','login.openAM.spEntityID','string',1,NULL);
insert into tds_applicationsettings values (UNHEX(REPLACE('421AAB72-F32B-4C82-9E6E-3C857396274B','-','')),'Production','ScoreEntry','tds.itemRenderer.enableMathML','boolean',0,NULL);
insert into tds_applicationsettings values (UNHEX(REPLACE('CF7E10F5-FE6F-4F97-A276-D77F52B0146D','-','')),'Production','ScoreEntry','tds.itemRenderer.enableMathML','boolean',1,NULL);
insert into tds_applicationsettings values (UNHEX(REPLACE('703B8B23-5D82-4F09-90FE-34219F649870','-','')),'Production','ScoreEntry','tds.itemRenderer.supportHttpRanges','boolean',0,NULL);
insert into tds_applicationsettings values (UNHEX(REPLACE('232E5BDB-E128-4C04-B237-643E3669B2DF','-','')),'Production','ScoreEntry','tds.itemRenderer.supportHttpRanges','boolean',1,NULL);
insert into tds_applicationsettings values (UNHEX(REPLACE('BC6F324B-B6F9-4F7E-B49C-1C3C7C594F46','-','')),'Production','ScoreEntry','tds.itemRenderer.urlResolverVersion','integer',0,NULL);
insert into tds_applicationsettings values (UNHEX(REPLACE('18A67CD0-F9D9-462A-A8A1-5954BF16CD26','-','')),'Production','ScoreEntry','tds.itemRenderer.urlResolverVersion','integer',1,NULL);
insert into tds_applicationsettings values (UNHEX(REPLACE('E701B48A-E65A-4AF5-B8C3-A8AC688575E1','-','')),'Production','Student','clientside.editor.contentDeletedCharThreshold','integer',0,NULL);
insert into tds_applicationsettings values (UNHEX(REPLACE('36351CDC-FB7F-4D0A-9F73-0101C9D7E43F','-','')),'Production','Student','clientside.editor.contentDeletedCharThreshold','integer',1,NULL);
insert into tds_applicationsettings values (UNHEX(REPLACE('15D40B8F-89F0-492C-AE65-D2E59DEBCEAF','-','')),'Production','Student','clientside.editor.contentDeletedLogging','string',0,NULL);
insert into tds_applicationsettings values (UNHEX(REPLACE('E720E8C8-A735-4AED-AFA0-5098F419214C','-','')),'Production','Student','clientside.editor.contentDeletedLogging','string',1,NULL);
insert into tds_applicationsettings values (UNHEX(REPLACE('ABD4BECA-B83B-4F9F-B995-55DF52BDDE71','-','')),'Production','Student','clientside.editor.contentDeletedPctThreshold','integer',0,NULL);
insert into tds_applicationsettings values (UNHEX(REPLACE('03AC4780-EE93-4D64-BB1A-4B5D6BAC0D82','-','')),'Production','Student','clientside.editor.contentDeletedPctThreshold','integer',1,NULL);
insert into tds_applicationsettings values (UNHEX(REPLACE('0AA07895-8B66-4B1F-93E9-64E43837BA3D','-','')),'Production','Student','clientside.sb.assistxRequired','boolean',0,NULL);
insert into tds_applicationsettings values (UNHEX(REPLACE('37A29F2D-DBD4-40D5-B012-96C85EC950B3','-','')),'Production','Student','clientside.sb.assistxRequired','boolean',1,NULL);
insert into tds_applicationsettings values (UNHEX(REPLACE('FC2BCCE6-6EB9-49EA-98C6-36B991FA7823','-','')),'Production','Student','clientside.sb.assistxWhitelist','string',0,NULL);
insert into tds_applicationsettings values (UNHEX(REPLACE('8B872B6D-C920-4DCB-8C29-D0B9399664A6','-','')),'Production','Student','clientside.sb.assistxWhitelist','string',1,NULL);
insert into tds_applicationsettings values (UNHEX(REPLACE('05A83852-A421-42A2-BE7D-66B18A4459F0','-','')),'Production','Student','clientside.sb.iosAutonomousGuidedAccessAllowed','boolean',0,NULL);
insert into tds_applicationsettings values (UNHEX(REPLACE('89E7756E-C42D-4ADB-B1EA-D32FA77AFA5A','-','')),'Production','Student','clientside.sb.iosAutonomousGuidedAccessAllowed','boolean',1,NULL);
insert into tds_applicationsettings values (UNHEX(REPLACE('F5B8F547-7583-4D7F-B3B1-14756154305F','-','')),'Production','Student','clientside.sb.validatorExemptions','vmware',0,NULL);
insert into tds_applicationsettings values (UNHEX(REPLACE('44F6DFDB-E40F-47DF-9969-161792EDAFA7','-','')),'Production','Student','clientside.sb.validatorExemptions','vmware',1,NULL);
insert into tds_applicationsettings values (UNHEX(REPLACE('532E350D-FC33-4855-8365-A65F7C4A5C4B','-','')),'Production','Student','clientside.student.login.guestSession','string',0,NULL);
insert into tds_applicationsettings values (UNHEX(REPLACE('B79CAE1B-68CB-4601-81E4-04B99C9E2B7B','-','')),'Production','Student','clientside.student.login.guestUser','string',0,NULL);
insert into tds_applicationsettings values (UNHEX(REPLACE('B9D595BA-A5F5-46CA-985D-DEA6ECD24C4C','-','')),'Production','Student','http.cache.id','string',0,NULL);
insert into tds_applicationsettings values (UNHEX(REPLACE('9D9992DF-ACFC-48CA-A5D1-A40D00D75563','-','')),'Production','Student','http.cache.id','string',1,NULL);
insert into tds_applicationsettings values (UNHEX(REPLACE('21F30BCF-BAE9-44B5-B38F-174DF81CF7C8','-','')),'Production','Student','http.cache.prefetch','string',0,NULL);
insert into tds_applicationsettings values (UNHEX(REPLACE('1CCAC4D6-9CE4-417A-9C30-E51F5CEC1C38','-','')),'Production','Student','http.cache.prefetch','string',1,NULL);
insert into tds_applicationsettings values (UNHEX(REPLACE('19F60FD2-4E99-4C33-86D9-E6F5829582FE','-','')),'Production','Student','http.manifest.mode','string',0,NULL);
insert into tds_applicationsettings values (UNHEX(REPLACE('FE3BD885-B598-4A55-88ED-E16E5CD92C24','-','')),'Production','Student','http.manifest.mode','string',1,NULL);
insert into tds_applicationsettings values (UNHEX(REPLACE('15023A34-6C78-4E62-B61C-2B00ADA6FD21','-','')),'Production','Student','ItemScoring.CallbackUrl','string',0,NULL);
insert into tds_applicationsettings values (UNHEX(REPLACE('E547EB41-E09B-4B8B-9B2E-02B6772A0700','-','')),'Production','Student','ItemScoring.CallbackUrl','string',1,NULL);
insert into tds_applicationsettings values (UNHEX(REPLACE('91A50021-7627-4491-BC6A-C054612EF3BE','-','')),'Production','Student','ItemScoring.Enabled','boolean',0,NULL);
insert into tds_applicationsettings values (UNHEX(REPLACE('197881B7-33C4-4A9C-B5AC-E0348F4FC310','-','')),'Production','Student','ItemScoring.Enabled','boolean',1,NULL);
insert into tds_applicationsettings values (UNHEX(REPLACE('23EE71B4-7E22-4003-975C-B5A7BBA5E359','-','')),'Production','Student','ItemScoring.ServerUrl','string',0,NULL);
insert into tds_applicationsettings values (UNHEX(REPLACE('BE0424DF-6FE3-4F75-A882-4D441BEB1A53','-','')),'Production','Student','ItemScoring.ServerUrl','string',1,NULL);
insert into tds_applicationsettings values (UNHEX(REPLACE('8C6194E0-4422-4342-A9E5-4D682CC8F675','-','')),'Production','Student','ItemScoring.Timer.Enabled','boolean',0,NULL);
insert into tds_applicationsettings values (UNHEX(REPLACE('D8623E12-EF03-4755-9ADD-2510B06C73A6','-','')),'Production','Student','ItemScoring.Timer.Enabled','boolean',1,NULL);
insert into tds_applicationsettings values (UNHEX(REPLACE('905BFCDD-0A23-4842-A30F-C745E7C54DC7','-','')),'Production','Student','itemScoring.timer.intervalSecs','integer',0,NULL);
insert into tds_applicationsettings values (UNHEX(REPLACE('7CC770F1-B64F-460F-98B7-CFBAC36E9CFF','-','')),'Production','Student','itemScoring.timer.intervalSecs','integer',1,NULL);
insert into tds_applicationsettings values (UNHEX(REPLACE('CBB60A2F-6701-4D49-AD54-68B5D29E317A','-','')),'Production','Student','itemScoring.timer.maxAttempts','integer',1,NULL);
insert into tds_applicationsettings values (UNHEX(REPLACE('76E3DD2A-77EB-442D-A878-730E1F6F3803','-','')),'Production','Student','itemScoring.timer.pendingMins','integer',0,NULL);
insert into tds_applicationsettings values (UNHEX(REPLACE('EA7C0CEC-7B38-4AAA-8522-14B63D67F19B','-','')),'Production','Student','itemScoring.timer.pendingMins','integer',1,NULL);
insert into tds_applicationsettings values (UNHEX(REPLACE('4DE829B5-D81F-4E88-BBB0-749A3B044D1D','-','')),'Production','Student','tds.itemRenderer.enableMathML','boolean',0,NULL);
insert into tds_applicationsettings values (UNHEX(REPLACE('BD721810-A0DD-4706-A5F3-99F0B7BB8E95','-','')),'Production','Student','tds.itemRenderer.enableMathML','boolean',1,NULL);
insert into tds_applicationsettings values (UNHEX(REPLACE('1968D713-4BC5-47ED-A3A2-B65D38E8EF83','-','')),'Production','Student','tds.itemRenderer.supportHttpRanges','boolean',0,NULL);
insert into tds_applicationsettings values (UNHEX(REPLACE('A8483D33-70F4-4182-AE37-5567DF06D032','-','')),'Production','Student','tds.itemRenderer.supportHttpRanges','boolean',1,NULL);
insert into tds_applicationsettings values (UNHEX(REPLACE('5E2FE344-3E4F-4FBF-9E98-5CD43E612A9A','-','')),'Production','Student','tds.itemRenderer.urlResolverVersion','integer',0,NULL);
insert into tds_applicationsettings values (UNHEX(REPLACE('71DB3ADC-4203-4517-BBFB-7D74F5D232EC','-','')),'Production','Student','tds.itemRenderer.urlResolverVersion','integer',1,NULL);
insert into tds_applicationsettings values (UNHEX(REPLACE('6249DB76-A20A-40CB-A912-F37095BF4E25','-','')),'Production','Student','tds.testshell.audioTimeout','integer',0,NULL);
insert into tds_applicationsettings values (UNHEX(REPLACE('239DAB49-808E-4741-98E5-048F0EF420F4','-','')),'Production','Student','tds.testshell.audioTimeout','integer',1,NULL);
insert into tds_applicationsettings values (UNHEX(REPLACE('71498B8F-E42F-49F9-9F63-01417E28D59F','-','')),'UAT','Proctor','BlackboxUrl','string',1,NULL);
insert into tds_applicationsettings values (UNHEX(REPLACE('06EDFA55-74F9-4CE9-A871-A08F29E740B3','-','')),'UAT','Proctor','institutionLevelTestWindows.Enabled','boolean',1,NULL);
insert into tds_applicationsettings values (UNHEX(REPLACE('B94BEAED-E162-4B32-BF21-B581066F5BD9','-','')),'UAT','Proctor','login.openAM.idpEntityID','string',1,NULL);
insert into tds_applicationsettings values (UNHEX(REPLACE('07E8218C-ACC1-4A34-B071-308C36C4721E','-','')),'UAT','Proctor','login.openAM.idpMetadataUrl','string',1,NULL);
insert into tds_applicationsettings values (UNHEX(REPLACE('9A241603-273A-4C38-87B5-9312CDD42185','-','')),'UAT','Proctor','login.openAM.logoutUrl','string',1,NULL);
insert into tds_applicationsettings values (UNHEX(REPLACE('AC2614E1-A4FD-4462-8A72-7F211C7E3750','-','')),'UAT','Proctor','login.openAM.portalUrl','string',0,NULL);
insert into tds_applicationsettings values (UNHEX(REPLACE('46A0115F-DA18-44C2-914D-EAC2FC1593DE','-','')),'UAT','Proctor','login.openAM.portalUrl','string',1,NULL);
insert into tds_applicationsettings values (UNHEX(REPLACE('9D76666F-7B54-4B7C-A305-668348AE0188','-','')),'UAT','Proctor','login.openAM.SAML.idealTimeout','string',1,NULL);
insert into tds_applicationsettings values (UNHEX(REPLACE('13006649-B4D5-46D8-95D7-DA5BCC3C1B77','-','')),'UAT','Proctor','login.openAM.SAML.keepAliveURL','string',1,NULL);
insert into tds_applicationsettings values (UNHEX(REPLACE('89358E7C-5696-4B7E-94B5-D521A2787929','-','')),'UAT','Proctor','login.openAM.SAML.landingPage','string',1,NULL);
insert into tds_applicationsettings values (UNHEX(REPLACE('7106FEA5-A2B5-485E-9682-5A20BD6B1DB7','-','')),'UAT','Proctor','login.openAM.SAML.refreshSessionUrl','string',1,NULL);
insert into tds_applicationsettings values (UNHEX(REPLACE('283AFA3F-F87A-454E-96EA-5E0DF0566BBB','-','')),'UAT','Proctor','login.openAM.SAML.tokenCookieName','string',1,NULL);
insert into tds_applicationsettings values (UNHEX(REPLACE('986180E4-D819-4C63-B57C-64994DFD01A4','-','')),'UAT','Proctor','login.openAM.SAML.usernameCookie','string',1,NULL);
insert into tds_applicationsettings values (UNHEX(REPLACE('29264E87-2D7C-4EC3-9388-6FC8868F6EA1','-','')),'UAT','Proctor','login.openAM.spEntityID','string',1,NULL);
insert into tds_applicationsettings values (UNHEX(REPLACE('A8CAA413-313D-4131-978B-F3DCBD39A429','-','')),'UAT','Proctor','login.queryString.AuthParam','string',1,NULL);
insert into tds_applicationsettings values (UNHEX(REPLACE('3F966883-1BFF-4E63-9929-7DD1F5F05F2A','-','')),'UAT','Proctor','login.queryString.Key','string',1,NULL);
insert into tds_applicationsettings values (UNHEX(REPLACE('AF130E72-96C2-4141-B189-9175EBEEB97E','-','')),'UAT','Proctor','login.rts.hashAlgorithm','string',1,NULL);
insert into tds_applicationsettings values (UNHEX(REPLACE('56106D67-AAFC-4D26-B79C-8C2F71109FE3','-','')),'UAT','Proctor','rts.hashAlgorithm','string',1,NULL);
insert into tds_applicationsettings values (UNHEX(REPLACE('A0F7A023-98BB-4E66-956F-8BF3530F982A','-','')),'UAT','Proctor','selectAllTests.Enabled','boolean',0,NULL);
insert into tds_applicationsettings values (UNHEX(REPLACE('B2485691-DFB4-4CFD-8A99-386409E27D1D','-','')),'UAT','Proctor','selectAllTests.Enabled','boolean',1,NULL);
insert into tds_applicationsettings values (UNHEX(REPLACE('3C1EC658-A773-4279-84E1-9E4A14CED0BC','-','')),'UAT','ResponseEntry','http.cache.id','string',0,NULL);
insert into tds_applicationsettings values (UNHEX(REPLACE('8DDC1BC1-8E78-495D-A3D9-7128320561F4','-','')),'UAT','ResponseEntry','http.cache.id','string',1,NULL);
insert into tds_applicationsettings values (UNHEX(REPLACE('037972DA-FA62-45D3-B6CC-B41A77E7B89D','-','')),'UAT','ResponseEntry','http.cache.prefetch','string',0,NULL);
insert into tds_applicationsettings values (UNHEX(REPLACE('A13B4AA8-B982-41AD-8E40-60024662CDD4','-','')),'UAT','ResponseEntry','http.cache.prefetch','string',1,NULL);
insert into tds_applicationsettings values (UNHEX(REPLACE('697BAC4B-E158-4DBE-824A-83AFF532BE14','-','')),'UAT','ResponseEntry','http.manifest.mode','string',0,NULL);
insert into tds_applicationsettings values (UNHEX(REPLACE('B6BE255C-5378-4017-B3D8-DFBECAB6B869','-','')),'UAT','ResponseEntry','http.manifest.mode','string',1,NULL);
insert into tds_applicationsettings values (UNHEX(REPLACE('3D0E8C1C-AA71-4A97-B9EA-3DA5B746DECE','-','')),'UAT','ResponseEntry','ItemScoring.CallbackUrl','string',0,NULL);
insert into tds_applicationsettings values (UNHEX(REPLACE('C50DD1B3-97DA-45F6-83DE-D4F3591641E3','-','')),'UAT','ResponseEntry','ItemScoring.CallbackUrl','string',1,NULL);
insert into tds_applicationsettings values (UNHEX(REPLACE('527206B1-D030-47C4-A5EB-7A2B3F750E44','-','')),'UAT','ResponseEntry','ItemScoring.Enabled','boolean',0,NULL);
insert into tds_applicationsettings values (UNHEX(REPLACE('6604DB7E-5F2B-4C1D-ADFF-F8167866FEA6','-','')),'UAT','ResponseEntry','ItemScoring.Enabled','boolean',1,NULL);
insert into tds_applicationsettings values (UNHEX(REPLACE('5E7150A6-5BFC-4DA5-913C-7267C85053C3','-','')),'UAT','ResponseEntry','ItemScoring.ServerUrl','string',0,NULL);
insert into tds_applicationsettings values (UNHEX(REPLACE('62EFC133-FDA1-47BF-BAA8-36D809753285','-','')),'UAT','ResponseEntry','ItemScoring.ServerUrl','string',1,NULL);
insert into tds_applicationsettings values (UNHEX(REPLACE('BE3C35B1-EC56-479A-9005-F38DE7464CD3','-','')),'UAT','ResponseEntry','ItemScoring.Timer.Enabled','boolean',0,NULL);
insert into tds_applicationsettings values (UNHEX(REPLACE('15913D42-1570-430B-8F00-13E88D14B071','-','')),'UAT','ResponseEntry','ItemScoring.Timer.Enabled','boolean',1,NULL);
insert into tds_applicationsettings values (UNHEX(REPLACE('74D9A7C3-75E8-44C0-BB00-3BDE6498870F','-','')),'UAT','ResponseEntry','itemScoring.timer.intervalSecs','integer',1,NULL);
insert into tds_applicationsettings values (UNHEX(REPLACE('484A738E-4D13-427C-BEF0-E5E5731DABB2','-','')),'UAT','ResponseEntry','itemScoring.timer.maxAttempts','integer',1,NULL);
insert into tds_applicationsettings values (UNHEX(REPLACE('269A1556-9AC5-40BA-8774-2FC2241246DC','-','')),'UAT','ResponseEntry','login.openAM.idpEntityID','string',1,NULL);
insert into tds_applicationsettings values (UNHEX(REPLACE('4630FBEC-6BCF-45FC-BE36-687615FE0913','-','')),'UAT','ResponseEntry','login.OpenAM.idpMetadataUrl','string',1,NULL);
insert into tds_applicationsettings values (UNHEX(REPLACE('0BDCEFAD-1F07-4C66-B923-2118FD67C993','-','')),'UAT','ResponseEntry','login.openAM.portalUrl','string',0,NULL);
insert into tds_applicationsettings values (UNHEX(REPLACE('0A953FFB-267D-4F5C-A00A-84AC704C71C1','-','')),'UAT','ResponseEntry','login.openAM.portalUrl','string',1,NULL);
insert into tds_applicationsettings values (UNHEX(REPLACE('2A046EB6-D948-4E19-A250-80474166412E','-','')),'UAT','ResponseEntry','login.openAM.spEntityID','string',1,NULL);
insert into tds_applicationsettings values (UNHEX(REPLACE('17B18B5A-9C55-490B-AA29-02BF0972357A','-','')),'UAT','ResponseEntry','tds.itemRenderer.enableMathML','boolean',0,NULL);
insert into tds_applicationsettings values (UNHEX(REPLACE('3D86627C-749D-4144-9055-297E76CE00C9','-','')),'UAT','ResponseEntry','tds.itemRenderer.enableMathML','boolean',1,NULL);
insert into tds_applicationsettings values (UNHEX(REPLACE('A09E5EEE-D0FF-4961-B350-A25D7C532789','-','')),'UAT','ResponseEntry','tds.itemRenderer.supportHttpRanges','boolean',0,NULL);
insert into tds_applicationsettings values (UNHEX(REPLACE('6FD6BCB6-FF5E-4832-B94D-D4E91DEC66A3','-','')),'UAT','ResponseEntry','tds.itemRenderer.supportHttpRanges','boolean',1,NULL);
insert into tds_applicationsettings values (UNHEX(REPLACE('780D6D6B-3184-4393-817B-995F025E3D9F','-','')),'UAT','ResponseEntry','tds.itemRenderer.urlResolverVersion','integer',0,NULL);
insert into tds_applicationsettings values (UNHEX(REPLACE('568A921D-2051-4A5A-BF14-4E73934016C6','-','')),'UAT','ResponseEntry','tds.itemRenderer.urlResolverVersion','integer',1,NULL);
insert into tds_applicationsettings values (UNHEX(REPLACE('61218BE0-203C-49AA-A8B3-86F23889DE3C','-','')),'UAT','ScoreEntry','http.cache.id','string',0,NULL);
insert into tds_applicationsettings values (UNHEX(REPLACE('F24A425D-A9D3-47AE-A3D9-1BE47C8D66F7','-','')),'UAT','ScoreEntry','http.cache.id','string',1,NULL);
insert into tds_applicationsettings values (UNHEX(REPLACE('C43913CB-C4B7-4365-8199-63A68CFCA52C','-','')),'UAT','ScoreEntry','http.cache.prefetch','string',0,NULL);
insert into tds_applicationsettings values (UNHEX(REPLACE('A0E95865-3F5E-4FCA-89AE-F6FB45471683','-','')),'UAT','ScoreEntry','http.cache.prefetch','string',1,NULL);
insert into tds_applicationsettings values (UNHEX(REPLACE('93AC776C-566B-4959-B029-3EB88AD8EE23','-','')),'UAT','ScoreEntry','http.manifest.mode','string',0,NULL);
insert into tds_applicationsettings values (UNHEX(REPLACE('A84DD5DD-F8F9-4749-BE69-D8FD2DA774CA','-','')),'UAT','ScoreEntry','http.manifest.mode','string',1,NULL);
insert into tds_applicationsettings values (UNHEX(REPLACE('66BD7339-ECBE-450F-A007-2E06B175C310','-','')),'UAT','ScoreEntry','ItemScoring.CallbackUrl','string',0,NULL);
insert into tds_applicationsettings values (UNHEX(REPLACE('4C94FAF1-9699-456A-ADB0-D17F4A174550','-','')),'UAT','ScoreEntry','ItemScoring.CallbackUrl','string',1,NULL);
insert into tds_applicationsettings values (UNHEX(REPLACE('8A8FB30F-144B-45A6-8895-9AD6B4E575CB','-','')),'UAT','ScoreEntry','ItemScoring.Enabled','boolean',0,NULL);
insert into tds_applicationsettings values (UNHEX(REPLACE('61145C8F-1ECA-41CB-82CF-AFB51EA95AC6','-','')),'UAT','ScoreEntry','ItemScoring.Enabled','boolean',1,NULL);
insert into tds_applicationsettings values (UNHEX(REPLACE('04E6C602-1C12-4A4B-AC4A-FD300AEADF5F','-','')),'UAT','ScoreEntry','ItemScoring.ServerUrl','string',0,NULL);
insert into tds_applicationsettings values (UNHEX(REPLACE('8963CA35-2E38-4526-9EEE-F3374123DE52','-','')),'UAT','ScoreEntry','ItemScoring.ServerUrl','string',1,NULL);
insert into tds_applicationsettings values (UNHEX(REPLACE('F4E3E3BB-BA3C-46FE-AAE7-DD46F36D3019','-','')),'UAT','ScoreEntry','ItemScoring.Timer.Enabled','boolean',0,NULL);
insert into tds_applicationsettings values (UNHEX(REPLACE('BBD74752-C830-4896-8840-C2F0C0868706','-','')),'UAT','ScoreEntry','ItemScoring.Timer.Enabled','boolean',1,NULL);
insert into tds_applicationsettings values (UNHEX(REPLACE('FCB3609F-864E-4E80-AADA-D34657605B11','-','')),'UAT','ScoreEntry','itemScoring.timer.intervalSecs','integer',1,NULL);
insert into tds_applicationsettings values (UNHEX(REPLACE('5F5D576A-1374-4CD3-9AF0-9953040057C4','-','')),'UAT','ScoreEntry','itemScoring.timer.maxAttempts','integer',1,NULL);
insert into tds_applicationsettings values (UNHEX(REPLACE('674E7BF1-BFB2-4047-BD88-4F0A3F77272C','-','')),'UAT','ScoreEntry','login.openAM.idpEntityID','string',1,NULL);
insert into tds_applicationsettings values (UNHEX(REPLACE('B63C8DDF-06CE-47F9-88A7-3F499170EAA3','-','')),'UAT','ScoreEntry','login.OpenAM.idpMetadataUrl','string',1,NULL);
insert into tds_applicationsettings values (UNHEX(REPLACE('D90B309F-C9D9-4071-8036-A2BF62361CA1','-','')),'UAT','ScoreEntry','login.openAM.portalUrl','string',0,NULL);
insert into tds_applicationsettings values (UNHEX(REPLACE('7A46C43A-1F26-4F12-B16F-667601DA27CA','-','')),'UAT','ScoreEntry','login.openAM.portalUrl','string',1,NULL);
insert into tds_applicationsettings values (UNHEX(REPLACE('44B5084E-DE8F-491F-88C5-255FD68D75C2','-','')),'UAT','ScoreEntry','login.openAM.spEntityID','string',1,NULL);
insert into tds_applicationsettings values (UNHEX(REPLACE('A8045089-9697-4D2B-8FD5-159E123CFBA2','-','')),'UAT','ScoreEntry','tds.itemRenderer.enableMathML','boolean',0,NULL);
insert into tds_applicationsettings values (UNHEX(REPLACE('99261AA7-5508-406D-901B-A02CAE9349D5','-','')),'UAT','ScoreEntry','tds.itemRenderer.enableMathML','boolean',1,NULL);
insert into tds_applicationsettings values (UNHEX(REPLACE('5EA895F5-4DAD-4A05-8BEA-28AFA6A6284C','-','')),'UAT','ScoreEntry','tds.itemRenderer.supportHttpRanges','boolean',0,NULL);
insert into tds_applicationsettings values (UNHEX(REPLACE('E6FA38CE-A4CC-499A-82EC-56112FB86B97','-','')),'UAT','ScoreEntry','tds.itemRenderer.supportHttpRanges','boolean',1,NULL);
insert into tds_applicationsettings values (UNHEX(REPLACE('8ABA4919-08BE-4303-A083-32B31D72CE13','-','')),'UAT','ScoreEntry','tds.itemRenderer.urlResolverVersion','integer',0,NULL);
insert into tds_applicationsettings values (UNHEX(REPLACE('6700B0D9-A869-44E1-8D68-295B2B0C51E4','-','')),'UAT','ScoreEntry','tds.itemRenderer.urlResolverVersion','integer',1,NULL);
insert into tds_applicationsettings values (UNHEX(REPLACE('C44C219B-191A-4382-8D7B-A14DB8713088','-','')),'UAT','Student','clientside.editor.contentDeletedCharThreshold','integer',0,NULL);
insert into tds_applicationsettings values (UNHEX(REPLACE('5EA68ACB-DEC1-4C64-890F-05BCCFAA950A','-','')),'UAT','Student','clientside.editor.contentDeletedCharThreshold','integer',1,NULL);
insert into tds_applicationsettings values (UNHEX(REPLACE('94A0085E-2344-4633-8EA9-6A7F32354B3B','-','')),'UAT','Student','clientside.editor.contentDeletedLogging','string',0,NULL);
insert into tds_applicationsettings values (UNHEX(REPLACE('A349E407-493E-427B-8979-2B3FE83553B7','-','')),'UAT','Student','clientside.editor.contentDeletedLogging','string',1,NULL);
insert into tds_applicationsettings values (UNHEX(REPLACE('491BB1B3-EBE8-416F-A4F4-953B394FD5BD','-','')),'UAT','Student','clientside.editor.contentDeletedPctThreshold','integer',0,NULL);
insert into tds_applicationsettings values (UNHEX(REPLACE('6B369AAE-3176-4C47-9E35-A772D294A891','-','')),'UAT','Student','clientside.editor.contentDeletedPctThreshold','integer',1,NULL);
insert into tds_applicationsettings values (UNHEX(REPLACE('FF3E14BE-1A29-4D81-BC12-C5A623EF0CA7','-','')),'UAT','Student','clientside.sb.assistxRequired','boolean',0,NULL);
insert into tds_applicationsettings values (UNHEX(REPLACE('9769F285-C9CD-4D4D-B2C0-BB1760E1E930','-','')),'UAT','Student','clientside.sb.assistxRequired','boolean',1,NULL);
insert into tds_applicationsettings values (UNHEX(REPLACE('7B5CF154-3F6C-4B9D-9C08-9184737AD4E9','-','')),'UAT','Student','clientside.sb.assistxWhitelist','string',0,NULL);
insert into tds_applicationsettings values (UNHEX(REPLACE('6956C697-2017-4468-AB66-961FE8C115A8','-','')),'UAT','Student','clientside.sb.assistxWhitelist','string',1,NULL);
insert into tds_applicationsettings values (UNHEX(REPLACE('E10B4AC7-A37A-43CA-A5FC-58CF39176EF8','-','')),'UAT','Student','clientside.sb.iosAutonomousGuidedAccessAllowed','boolean',0,NULL);
insert into tds_applicationsettings values (UNHEX(REPLACE('5D8EC391-185C-43DD-9AE7-1586B7B04FF1','-','')),'UAT','Student','clientside.sb.iosAutonomousGuidedAccessAllowed','boolean',1,NULL);
insert into tds_applicationsettings values (UNHEX(REPLACE('A1D1F0C3-321A-4907-ACA9-2FD32C8A461F','-','')),'UAT','Student','clientside.sb.validatorExemptions','vmware',0,NULL);
insert into tds_applicationsettings values (UNHEX(REPLACE('196277ED-7BE1-4B84-AA79-8A29E39DC927','-','')),'UAT','Student','clientside.sb.validatorExemptions','vmware',1,NULL);
insert into tds_applicationsettings values (UNHEX(REPLACE('20B860AC-044B-4D38-B57E-9B0FD8EA6051','-','')),'UAT','Student','clientside.student.login.guestSession','string',0,NULL);
insert into tds_applicationsettings values (UNHEX(REPLACE('5A77767D-3E25-4E9F-B3B5-A4B18411E106','-','')),'UAT','Student','clientside.student.login.guestUser','string',0,NULL);
insert into tds_applicationsettings values (UNHEX(REPLACE('70258039-60C3-410D-946D-0DD67210F061','-','')),'UAT','Student','http.cache.id','string',0,NULL);
insert into tds_applicationsettings values (UNHEX(REPLACE('1FFEAF22-C520-4BA1-9292-4AB7E4AE6117','-','')),'UAT','Student','http.cache.id','string',1,NULL);
insert into tds_applicationsettings values (UNHEX(REPLACE('9DD19EB0-882F-4B1F-B758-A549A5331657','-','')),'UAT','Student','http.cache.prefetch','string',0,NULL);
insert into tds_applicationsettings values (UNHEX(REPLACE('C75318B8-A679-4F17-B82A-63A7109C29D1','-','')),'UAT','Student','http.cache.prefetch','string',1,NULL);
insert into tds_applicationsettings values (UNHEX(REPLACE('CF3FDD36-87B3-475A-A0FF-1446B40E04D1','-','')),'UAT','Student','http.manifest.mode','string',0,NULL);
insert into tds_applicationsettings values (UNHEX(REPLACE('6556BFCB-1B70-47AB-91CC-1E56F4551D14','-','')),'UAT','Student','http.manifest.mode','string',1,NULL);
insert into tds_applicationsettings values (UNHEX(REPLACE('4E5CEC2D-E4C6-48D3-A066-29CBC56162C3','-','')),'UAT','Student','ItemScoring.CallbackUrl','string',0,NULL);
insert into tds_applicationsettings values (UNHEX(REPLACE('7AA25738-9CFE-4C4A-AAF6-39012400AF46','-','')),'UAT','Student','ItemScoring.CallbackUrl','string',1,NULL);
insert into tds_applicationsettings values (UNHEX(REPLACE('BDEEDCE8-EA9D-4846-BB6C-5C5CC857B2EA','-','')),'UAT','Student','ItemScoring.Enabled','boolean',0,NULL);
insert into tds_applicationsettings values (UNHEX(REPLACE('D9E65879-34FF-46A3-8B3F-878C8592864F','-','')),'UAT','Student','ItemScoring.Enabled','boolean',1,NULL);
insert into tds_applicationsettings values (UNHEX(REPLACE('1EB8DEAC-0E73-4DBE-AB5F-476A116DD423','-','')),'UAT','Student','ItemScoring.ServerUrl','string',0,NULL);
insert into tds_applicationsettings values (UNHEX(REPLACE('4CFA8391-6180-44C3-9328-7D308B9B230D','-','')),'UAT','Student','ItemScoring.ServerUrl','string',1,NULL);
insert into tds_applicationsettings values (UNHEX(REPLACE('E642AABB-1F11-48ED-90D0-5C12570CEE43','-','')),'UAT','Student','ItemScoring.Timer.Enabled','boolean',0,NULL);
insert into tds_applicationsettings values (UNHEX(REPLACE('ACAC3154-C0FE-412B-8BC4-932626B98569','-','')),'UAT','Student','ItemScoring.Timer.Enabled','boolean',1,NULL);
insert into tds_applicationsettings values (UNHEX(REPLACE('02309261-F41A-48E0-AAED-89F95ABF2F00','-','')),'UAT','Student','itemScoring.timer.intervalSecs','integer',0,NULL);
insert into tds_applicationsettings values (UNHEX(REPLACE('8F9796F8-E0EA-4FF0-8B9C-C69D7A2AB4FA','-','')),'UAT','Student','itemScoring.timer.intervalSecs','integer',1,NULL);
insert into tds_applicationsettings values (UNHEX(REPLACE('05B5E7BA-42F5-4837-9217-2D4AB4C1C457','-','')),'UAT','Student','itemScoring.timer.maxAttempts','integer',1,NULL);
insert into tds_applicationsettings values (UNHEX(REPLACE('F354D9E1-9AC1-4A78-B811-1EF1161C9C08','-','')),'UAT','Student','itemScoring.timer.pendingMins','integer',0,NULL);
insert into tds_applicationsettings values (UNHEX(REPLACE('21DC85AA-839F-4EDD-B680-95273F806020','-','')),'UAT','Student','itemScoring.timer.pendingMins','integer',1,NULL);
insert into tds_applicationsettings values (UNHEX(REPLACE('B6C664A7-F428-45AB-9C8E-133C860A8809','-','')),'UAT','Student','tds.itemRenderer.enableMathML','boolean',0,NULL);
insert into tds_applicationsettings values (UNHEX(REPLACE('5EC9841C-62DD-47AB-AA5A-13EBE0067154','-','')),'UAT','Student','tds.itemRenderer.enableMathML','boolean',1,NULL);
insert into tds_applicationsettings values (UNHEX(REPLACE('3E2386FA-0F8D-49BD-A413-FA41341CD85F','-','')),'UAT','Student','tds.itemRenderer.supportHttpRanges','boolean',0,NULL);
insert into tds_applicationsettings values (UNHEX(REPLACE('3D0EA80F-4A30-496F-902C-15D9B27D5B91','-','')),'UAT','Student','tds.itemRenderer.supportHttpRanges','boolean',1,NULL);
insert into tds_applicationsettings values (UNHEX(REPLACE('BF346EB7-796C-41BA-A863-1F31774DE7B0','-','')),'UAT','Student','tds.itemRenderer.urlResolverVersion','integer',0,NULL);
insert into tds_applicationsettings values (UNHEX(REPLACE('C366E46D-494A-4155-B853-0E23A1F15A4F','-','')),'UAT','Student','tds.itemRenderer.urlResolverVersion','integer',1,NULL);
insert into tds_applicationsettings values (UNHEX(REPLACE('04EF4317-6CD5-4409-9CF7-EA6D0BD63582','-','')),'UAT','Student','tds.testshell.audioTimeout','integer',0,NULL);
insert into tds_applicationsettings values (UNHEX(REPLACE('20B2B316-73A6-4089-9CFC-4DCD2DE48BA0','-','')),'UAT','Student','tds.testshell.audioTimeout','integer',1,NULL);

insert into system_applicationsettings values ('SBAC_PT','Development','Student','clientside.editor.contentDeletedCharThreshold','integer','25',UNHEX(REPLACE('9ED236F1-F877-41DA-B16A-00106514B53A','-','')),'*','*');
insert into system_applicationsettings values ('SBAC_PT','FunctionalTest','Student','tds.itemRenderer.supportHttpRanges','boolean','true',UNHEX(REPLACE('47B769CF-A953-47F2-9DAF-01A9F615CE84','-','')),'*','*');
insert into system_applicationsettings values ('SBAC_PT','Production','Student','clientside.student.login.guestUser','string','TDS_Glogin_User_Disable',UNHEX(REPLACE('B79CAE1B-68CB-4601-81E4-04B99C9E2B7B','-','')),'*','*');
insert into system_applicationsettings values ('SBAC_PT','FunctionalTest','Student','clientside.editor.contentDeletedCharThreshold','integer','25',UNHEX(REPLACE('9B1632F2-14F0-4A0B-B5A8-081633E0B4F9','-','')),'*','*');
insert into system_applicationsettings values ('SBAC_PT','Deployment','Student','tds.itemRenderer.supportHttpRanges','boolean','true',UNHEX(REPLACE('20FCBFA6-83DF-42F7-AF35-093C4D1A16E0','-','')),'*','*');
insert into system_applicationsettings values ('SBAC_PT','FunctionalTest','Student','ItemScoring.Timer.Enabled','boolean','true',UNHEX(REPLACE('FB40F6C8-CDB6-4B8F-BB15-09ABF6DCF1F5','-','')),'*','*');
insert into system_applicationsettings values ('SBAC_PT','UAT','Student','http.cache.id','string','1',UNHEX(REPLACE('70258039-60C3-410D-946D-0DD67210F061','-','')),'*','*');
insert into system_applicationsettings values ('SBAC_PT','UAT','Student','tds.itemRenderer.enableMathML','boolean','true',UNHEX(REPLACE('B6C664A7-F428-45AB-9C8E-133C860A8809','-','')),'*','*');
insert into system_applicationsettings values ('SBAC_PT','UAT','Student','http.manifest.mode','string','Disabled',UNHEX(REPLACE('CF3FDD36-87B3-475A-A0FF-1446B40E04D1','-','')),'*','*');
insert into system_applicationsettings values ('SBAC_PT','Production','Student','clientside.sb.validatorExemptions','string','vmware',UNHEX(REPLACE('F5B8F547-7583-4D7F-B3B1-14756154305F','-','')),'*','*');
insert into system_applicationsettings values ('SBAC_PT','Production','Student','http.cache.prefetch','string','Enabled',UNHEX(REPLACE('21F30BCF-BAE9-44B5-B38F-174DF81CF7C8','-','')),'*','*');
insert into system_applicationsettings values ('SBAC_PT','FunctionalTest','Student','clientside.editor.contentDeletedLogging','string','all',UNHEX(REPLACE('32D50691-9AAB-4B20-8F17-1A89EA6AD86C','-','')),'*','*');
insert into system_applicationsettings values ('SBAC_PT','UAT','Student','tds.itemRenderer.urlResolverVersion','integer','2',UNHEX(REPLACE('BF346EB7-796C-41BA-A863-1F31774DE7B0','-','')),'*','*');
insert into system_applicationsettings values ('SBAC_PT','FunctionalTest','Student','clientside.student.login.guestSession','string','TDS_Glogin_Session_Disable',UNHEX(REPLACE('9F1A06A7-7093-44C7-8371-288F8194D69D','-','')),'*','*');
insert into system_applicationsettings values ('SBAC_PT','Development','Student','clientside.sb.validatorExemptions','string','vmware',UNHEX(REPLACE('B31E5658-7138-4E6A-9005-2A143F525CB6','-','')),'*','*');
insert into system_applicationsettings values ('SBAC_PT','FunctionalTest','Student','tds.testshell.forbiddenAppsInterval','integer','60',UNHEX(REPLACE('0733232F-7F3E-448E-BBF9-2F5161875A9C','-','')),'*','*');
insert into system_applicationsettings values ('SBAC_PT','UAT','Student','clientside.sb.validatorExemptions','string','vmware',UNHEX(REPLACE('A1D1F0C3-321A-4907-ACA9-2FD32C8A461F','-','')),'*','*');
insert into system_applicationsettings values ('SBAC_PT','Production','Student','clientside.sb.assistxWhitelist','string','Jfw.exe;osk.exe;magnify.exe',UNHEX(REPLACE('FC2BCCE6-6EB9-49EA-98C6-36B991FA7823','-','')),'*','*');
insert into system_applicationsettings values ('SBAC_PT','Development','Student','clientside.student.login.guestSession','string','TDS_Glogin_Session_Disable',UNHEX(REPLACE('79B24E0A-83E3-46ED-BAC2-413499422C13','-','')),'*','*');
insert into system_applicationsettings values ('SBAC_PT','Development','Student','ItemScoring.Enabled','boolean','false',UNHEX(REPLACE('4C888F67-1769-4F43-AF54-417AB78A27F7','-','')),'*','*');
insert into system_applicationsettings values ('SBAC_PT','FunctionalTest','Student','clientside.sb.iosAutonomousGuidedAccessAllowed','boolean','True',UNHEX(REPLACE('D2AB853B-5434-4473-A51A-4195CD5AEB2D','-','')),'*','*');
insert into system_applicationsettings values ('SBAC_PT','Development','Student','tds.itemRenderer.supportHttpRanges','boolean','true',UNHEX(REPLACE('9C0CEC1F-4707-44F1-8C80-474C2BAA677D','-','')),'*','*');
insert into system_applicationsettings values ('SBAC_PT','Production','Student','ItemScoring.Timer.Enabled','boolean','true',UNHEX(REPLACE('8C6194E0-4422-4342-A9E5-4D682CC8F675','-','')),'*','*');
insert into system_applicationsettings values ('SBAC_PT','FunctionalTest','Student','tds.itemRenderer.enableMathML','boolean','true',UNHEX(REPLACE('550AC1F0-661B-4816-BC2F-4F1C41A1578F','-','')),'*','*');
insert into system_applicationsettings values ('SBAC_PT','FunctionalTest','Student','itemScoring.timer.intervalSecs','integer','300',UNHEX(REPLACE('A50EAA2D-1C1A-4D85-95BA-4FAA84B1FA54','-','')),'*','*');
insert into system_applicationsettings values ('SBAC_PT','Deployment','Student','http.cache.prefetch','string','Enabled',UNHEX(REPLACE('00A63967-AFD3-4B50-8B33-53B97E90C291','-','')),'*','*');
insert into system_applicationsettings values ('SBAC_PT','Production','Student','clientside.editor.contentDeletedPctThreshold','integer','50',UNHEX(REPLACE('ABD4BECA-B83B-4F9F-B995-55DF52BDDE71','-','')),'*','*');
insert into system_applicationsettings values ('SBAC_PT','FunctionalTest','Student','tds.itemRenderer.urlResolverVersion','integer','2',UNHEX(REPLACE('2073CA71-D14A-4EDB-B9E2-57DF45615017','-','')),'*','*');
insert into system_applicationsettings values ('SBAC_PT','Development','Student','tds.itemRenderer.urlResolverVersion','integer','2',UNHEX(REPLACE('2D71F88D-5FD8-435D-A3ED-57E1CCAF4CE7','-','')),'*','*');
insert into system_applicationsettings values ('SBAC_PT','UAT','Student','clientside.sb.iosAutonomousGuidedAccessAllowed','boolean','True',UNHEX(REPLACE('E10B4AC7-A37A-43CA-A5FC-58CF39176EF8','-','')),'*','*');
insert into system_applicationsettings values ('SBAC_PT','FunctionalTest','Student','http.manifest.mode','string','Disabled',UNHEX(REPLACE('00DD788A-FCD8-4DD3-B33D-5983A9C28981','-','')),'*','*');
insert into system_applicationsettings values ('SBAC_PT','UAT','Student','ItemScoring.Timer.Enabled','boolean','true',UNHEX(REPLACE('E642AABB-1F11-48ED-90D0-5C12570CEE43','-','')),'*','*');
insert into system_applicationsettings values ('SBAC_PT','UAT','Student','ItemScoring.Enabled','boolean','false',UNHEX(REPLACE('BDEEDCE8-EA9D-4846-BB6C-5C5CC857B2EA','-','')),'*','*');
insert into system_applicationsettings values ('SBAC_PT','Production','Student','tds.itemRenderer.urlResolverVersion','integer','2',UNHEX(REPLACE('5E2FE344-3E4F-4FBF-9E98-5CD43E612A9A','-','')),'*','*');
insert into system_applicationsettings values ('SBAC_PT','Development','Student','http.manifest.mode','string','Disabled',UNHEX(REPLACE('955BA67E-8E27-4FED-9B6F-636137CB6EA9','-','')),'*','*');
insert into system_applicationsettings values ('SBAC_PT','Production','Student','clientside.sb.assistxRequired','boolean','false',UNHEX(REPLACE('0AA07895-8B66-4B1F-93E9-64E43837BA3D','-','')),'*','*');
insert into system_applicationsettings values ('SBAC_PT','Production','Student','clientside.sb.iosAutonomousGuidedAccessAllowed','boolean','True',UNHEX(REPLACE('05A83852-A421-42A2-BE7D-66B18A4459F0','-','')),'*','*');
insert into system_applicationsettings values ('SBAC_PT','Development','Student','ItemScoring.Timer.Enabled','boolean','true',UNHEX(REPLACE('C73CF942-0969-4422-A128-6916BA3BECA0','-','')),'*','*');
insert into system_applicationsettings values ('SBAC_PT','UAT','Student','clientside.editor.contentDeletedLogging','string','all',UNHEX(REPLACE('94A0085E-2344-4633-8EA9-6A7F32354B3B','-','')),'*','*');
insert into system_applicationsettings values ('SBAC_PT','FunctionalTest','Student','clientside.student.login.guestUser','string','TDS_Glogin_User_Disable',UNHEX(REPLACE('ACE2E8D0-324A-4AC6-8D75-7370D251D062','-','')),'*','*');
insert into system_applicationsettings values ('SBAC_PT','Production','Student','tds.itemRenderer.enableMathML','boolean','true',UNHEX(REPLACE('4DE829B5-D81F-4E88-BBB0-749A3B044D1D','-','')),'*','*');
insert into system_applicationsettings values ('SBAC_PT','Deployment','Student','itemScoring.timer.intervalSecs','integer','300',UNHEX(REPLACE('A11A26B0-FEF6-455A-8C3B-7A87685653CE','-','')),'*','*');
insert into system_applicationsettings values ('SBAC_PT','FunctionalTest','Student','clientside.sb.assistxWhitelist','string','Jfw.exe;osk.exe;magnify.exe;Wineyes.exe',UNHEX(REPLACE('70C10BD4-7CD9-494D-871F-807981EA96F1','-','')),'*','*');
insert into system_applicationsettings values ('SBAC_PT','UAT','Student','itemScoring.timer.intervalSecs','integer','300',UNHEX(REPLACE('02309261-F41A-48E0-AAED-89F95ABF2F00','-','')),'*','*');
insert into system_applicationsettings values ('SBAC_PT','Deployment','Student','ItemScoring.Timer.Enabled','boolean','true',UNHEX(REPLACE('0702C1D5-23D8-4579-954A-8F809A36A9E6','-','')),'*','*');
insert into system_applicationsettings values ('SBAC_PT','UAT','Student','clientside.sb.assistxWhitelist','string','Jfw.exe;osk.exe;magnify.exe',UNHEX(REPLACE('7B5CF154-3F6C-4B9D-9C08-9184737AD4E9','-','')),'*','*');
insert into system_applicationsettings values ('SBAC_PT','Deployment','Student','clientside.sb.iosAutonomousGuidedAccessAllowed','boolean','True',UNHEX(REPLACE('CEE774B3-5591-48C3-BF2F-93A8A329E6C4','-','')),'*','*');
insert into system_applicationsettings values ('SBAC_PT','UAT','Student','clientside.editor.contentDeletedPctThreshold','integer','50',UNHEX(REPLACE('491BB1B3-EBE8-416F-A4F4-953B394FD5BD','-','')),'*','*');
insert into system_applicationsettings values ('SBAC_PT','Development','Student','http.cache.prefetch','string','Enabled',UNHEX(REPLACE('5A1466FD-5CC2-49F3-BF9F-95E7D7811B41','-','')),'*','*');
insert into system_applicationsettings values ('SBAC_PT','FunctionalTest','Student','clientside.sb.assistxRequired','boolean','false',UNHEX(REPLACE('1F70DA98-D352-4351-93A2-985AEE8ED1D3','-','')),'*','*');
insert into system_applicationsettings values ('SBAC_PT','UAT','Student','clientside.student.login.guestSession','string','TDS_Glogin_Session_Disable',UNHEX(REPLACE('20B860AC-044B-4D38-B57E-9B0FD8EA6051','-','')),'*','*');
insert into system_applicationsettings values ('SBAC_PT','FunctionalTest','Student','ItemScoring.Enabled','boolean','false',UNHEX(REPLACE('78B41EED-DAD6-40AC-B6EF-9F609DBB3115','-','')),'*','*');
insert into system_applicationsettings values ('SBAC_PT','Development','Student','clientside.editor.contentDeletedLogging','string','all',UNHEX(REPLACE('8C6B7899-CBC6-4F8B-A85C-A0A2232D7B67','-','')),'*','*');
insert into system_applicationsettings values ('SBAC_PT','UAT','Student','clientside.editor.contentDeletedCharThreshold','integer','25',UNHEX(REPLACE('C44C219B-191A-4382-8D7B-A14DB8713088','-','')),'*','*');
insert into system_applicationsettings values ('SBAC_PT','Development','Student','itemScoring.timer.intervalSecs','integer','300',UNHEX(REPLACE('75CA8ADC-1300-4C10-8EA0-A2FD61D7024A','-','')),'*','*');
insert into system_applicationsettings values ('SBAC_PT','Deployment','Student','tds.itemRenderer.urlResolverVersion','integer','2',UNHEX(REPLACE('D3B7BD7A-CFF2-4022-834E-A47CEBD1E668','-','')),'*','*');
insert into system_applicationsettings values ('SBAC_PT','UAT','Student','clientside.student.login.guestUser','string','TDS_Glogin_User_Disable',UNHEX(REPLACE('5A77767D-3E25-4E9F-B3B5-A4B18411E106','-','')),'*','*');
insert into system_applicationsettings values ('SBAC_PT','UAT','Student','http.cache.prefetch','string','Enabled',UNHEX(REPLACE('9DD19EB0-882F-4B1F-B758-A549A5331657','-','')),'*','*');
insert into system_applicationsettings values ('SBAC_PT','Production','Student','clientside.student.login.guestSession','string','TDS_Glogin_Session_Disable',UNHEX(REPLACE('532E350D-FC33-4855-8365-A65F7C4A5C4B','-','')),'*','*');
insert into system_applicationsettings values ('SBAC_PT','Production','Student','clientside.editor.contentDeletedCharThreshold','integer','25',UNHEX(REPLACE('E701B48A-E65A-4AF5-B8C3-A8AC688575E1','-','')),'*','*');
insert into system_applicationsettings values ('SBAC_PT','Deployment','Student','ItemScoring.Enabled','boolean','false',UNHEX(REPLACE('38DE856B-2B1E-45BF-A2D8-B07DA4678661','-','')),'*','*');
insert into system_applicationsettings values ('SBAC_PT','Development','Student','tds.itemRenderer.enableMathML','boolean','true',UNHEX(REPLACE('750A92C8-5016-4F18-B348-B0D839A1C34A','-','')),'*','*');
insert into system_applicationsettings values ('SBAC_PT','FunctionalTest','Student','http.cache.id','string','1',UNHEX(REPLACE('AE69B794-E075-4CCC-BD6A-B1381479835A','-','')),'*','*');
insert into system_applicationsettings values ('SBAC_PT','Deployment','Student','tds.itemRenderer.enableMathML','boolean','true',UNHEX(REPLACE('D7AC30AD-9CAC-4673-BD19-B30F861A0F57','-','')),'*','*');
insert into system_applicationsettings values ('SBAC_PT','Production','Student','tds.itemRenderer.supportHttpRanges','boolean','true',UNHEX(REPLACE('1968D713-4BC5-47ED-A3A2-B65D38E8EF83','-','')),'*','*');
insert into system_applicationsettings values ('SBAC_PT','FunctionalTest','Student','clientside.sb.validatorExemptions','string','vmware',UNHEX(REPLACE('7FC7C8D2-A367-4C85-A9C5-B67CD33C45EF','-','')),'*','*');
insert into system_applicationsettings values ('SBAC_PT','Deployment','Student','clientside.sb.validatorExemptions','string','vmware',UNHEX(REPLACE('109E1F80-528A-468E-8820-BA2F92E897AC','-','')),'*','*');
insert into system_applicationsettings values ('SBAC_PT','FunctionalTest','Student','http.cache.prefetch','string','Enabled',UNHEX(REPLACE('DCFA4496-7E86-4AD2-A9B5-BB679B1DC754','-','')),'*','*');
insert into system_applicationsettings values ('SBAC_PT','Production','Student','ItemScoring.Enabled','boolean','false',UNHEX(REPLACE('91A50021-7627-4491-BC6A-C054612EF3BE','-','')),'*','*');
insert into system_applicationsettings values ('SBAC_PT','UAT','Student','clientside.sb.assistxRequired','boolean','true',UNHEX(REPLACE('FF3E14BE-1A29-4D81-BC12-C5A623EF0CA7','-','')),'*','*');
insert into system_applicationsettings values ('SBAC_PT','Production','Student','itemScoring.timer.intervalSecs','integer','300',UNHEX(REPLACE('905BFCDD-0A23-4842-A30F-C745E7C54DC7','-','')),'*','*');
insert into system_applicationsettings values ('SBAC_PT','Production','Student','clientside.editor.contentDeletedLogging','string','all',UNHEX(REPLACE('15D40B8F-89F0-492C-AE65-D2E59DEBCEAF','-','')),'*','*');
insert into system_applicationsettings values ('SBAC_PT','Deployment','Student','http.cache.id','string','1',UNHEX(REPLACE('DF096DD8-B850-483C-A3B2-D5CD55F116BA','-','')),'*','*');
insert into system_applicationsettings values ('SBAC_PT','Development','Student','clientside.student.login.guestUser','string','TDS_Glogin_User_Disable',UNHEX(REPLACE('1EF3EE8E-F3FD-49F9-8161-D97FC7C530F7','-','')),'*','*');
insert into system_applicationsettings values ('SBAC_PT','Production','Student','http.cache.id','string','1',UNHEX(REPLACE('B9D595BA-A5F5-46CA-985D-DEA6ECD24C4C','-','')),'*','*');
insert into system_applicationsettings values ('SBAC_PT','Development','Student','clientside.sb.iosAutonomousGuidedAccessAllowed','boolean','True',UNHEX(REPLACE('DFA6EFE0-E8D2-4CDB-A390-E21A381F4543','-','')),'*','*');
insert into system_applicationsettings values ('SBAC_PT','Production','Student','http.manifest.mode','string','Disabled',UNHEX(REPLACE('19F60FD2-4E99-4C33-86D9-E6F5829582FE','-','')),'*','*');
insert into system_applicationsettings values ('SBAC_PT','FunctionalTest','Student','clientside.editor.contentDeletedPctThreshold','integer','50',UNHEX(REPLACE('5C9ADACB-EDC9-4C18-8C34-EA23CF261A73','-','')),'*','*');
insert into system_applicationsettings values ('SBAC_PT','Deployment','Student','http.manifest.mode','string','Disabled',UNHEX(REPLACE('6636C33D-3682-4274-94F3-ED7FD4BD8694','-','')),'*','*');
insert into system_applicationsettings values ('SBAC_PT','Development','Student','http.cache.id','string','1',UNHEX(REPLACE('AF4488D2-651D-4319-BBE8-F445B5ACD860','-','')),'*','*');
insert into system_applicationsettings values ('SBAC_PT','UAT','Student','tds.itemRenderer.supportHttpRanges','boolean','true',UNHEX(REPLACE('3E2386FA-0F8D-49BD-A413-FA41341CD85F','-','')),'*','*');
insert into system_applicationsettings values ('SBAC_PT','Development','Student','clientside.editor.contentDeletedPctThreshold','integer','50',UNHEX(REPLACE('49F7FC7F-946B-4F35-A749-FEB31D7BE3B4','-','')),'*','*');

insert into client_systemflags values ('accommodations',1,'keeps an audit trail of various changes to accommodations settings','SBAC_PT',1,'2011-06-01 11:27:47.980',null);
insert into client_systemflags values ('AnonymousTestee',1,'Permits anonymous login by testees (for practice test)','SBAC_PT',1,'2011-05-24 15:16:32.757',null);
insert into client_systemflags values ('CertifyProctor',0,'TRAINEDPROCTOR','SBAC_PT',1,'2010-06-22 11:55:43.967',null);
insert into client_systemflags values ('items',0,'Toggles audit trail on item selection','SBAC_PT',1,'2010-06-22 11:55:43.967',null);
insert into client_systemflags values ('latencies',1,'Toggles audit trail on system latencies','SBAC_PT',1,'2011-05-24 15:16:32.757',null);
insert into client_systemflags values ('MatchTesteeProctorSchool',0,'INSTITUTION','SBAC_PT',1,'2010-08-16 10:21:08.193',null);
insert into client_systemflags values ('opportunities',1,'Toggles audit trail on opportunities','SBAC_PT',1,'2011-05-24 15:16:32.757',null);
insert into client_systemflags values ('oppreport',0,'Allows/disallows xml reporting of opportunities','SBAC_PT',1,'2011-05-24 15:49:06.323',null);
insert into client_systemflags values ('ProctorActivity',1,'Monitor proctor activity','SBAC_PT',1,'2010-09-22 11:51:03.070',null);
insert into client_systemflags values ('proctorless',1,'Permits login to proctorless session','SBAC_PT',1,'2010-09-22 11:51:03.070',null);
insert into client_systemflags values ('ProctorTraining',1,'Allows proctor app to differentiate between operational system and training system','SBAC_PT',1,'2010-09-22 11:51:03.073',null);
insert into client_systemflags values ('responses',1,'Toggles audit trail on testee responses','SBAC_PT',1,'2010-09-22 11:51:03.073',null);
insert into client_systemflags values ('RestoreAccommodations',1,'Restore RTS Accommodation values on test resume','SBAC_PT',1,'2010-09-22 11:51:03.077',null);
insert into client_systemflags values ('scores',1,'Toggles audit trail on opportunity scores','SBAC_PT',1,'2010-09-22 11:51:03.077',null);
insert into client_systemflags values ('sessions',1,'Toggles audit trail on sessions','SBAC_PT',1,'2010-09-22 11:51:03.077',null);
insert into client_systemflags values ('SuppressScores',0,'Keeps proctors from seeing test scores','SBAC_PT',1,'2010-08-17 08:46:58.597',null);
